Data;Valor
29.12.2023;4.196,00
28.12.2023;4.256,00
27.12.2023;4.280,00
26.12.2023;4.283,00
22.12.2023;4.311,00
21.12.2023;4.288,00
20.12.2023;4.309,00
19.12.2023;4.289,00
18.12.2023;4.271,00
15.12.2023;4.244,00
14.12.2023;4.267,00
13.12.2023;4.395,00
12.12.2023;4.375,00
11.12.2023;4.351,00
08.12.2023;4.381,00
07.12.2023;4.340,00
06.12.2023;4.241,00
05.12.2023;4.206,00
04.12.2023;4.271,00
01.12.2023;4.398,00
30.11.2023;4.475,00
29.11.2023;4.438,00
28.11.2023;4.370,00
27.11.2023;4.260,00
24.11.2023;4.219,00
22.11.2023;4.173,00
21.11.2023;4.227,00
20.11.2023;4.034,00
17.11.2023;4.108,00
16.11.2023;4.043,00
15.11.2023;3.992,00
14.11.2023;3.984,00
13.11.2023;4.064,00
10.11.2023;4.014,00
09.11.2023;3.972,00
08.11.2023;3.933,00
07.11.2023;3.905,00
06.11.2023;3.941,00
03.11.2023;3.898,00
02.11.2023;3.865,00
01.11.2023;3.794,00
31.10.2023;3.817,00
30.10.2023;3.826,00
27.10.2023;3.852,00
26.10.2023;3.810,00
25.10.2023;3.735,00
24.10.2023;3.729,00
23.10.2023;3.759,00
20.10.2023;3.694,00
19.10.2023;3.648,00
18.10.2023;3.639,00
17.10.2023;3.635,00
16.10.2023;3.591,00
13.10.2023;3.499,00
12.10.2023;3.490,00
11.10.2023;3.432,00
10.10.2023;3.474,00
09.10.2023;3.435,00
06.10.2023;3.453,00
05.10.2023;3.400,00
04.10.2023;3.431,00
03.10.2023;3.428,00
02.10.2023;3.502,00
29.09.2023;3.418,00
28.09.2023;3.459,00
27.09.2023;3.416,00
26.09.2023;3.500,00
25.09.2023;3.496,00
22.09.2023;3.582,00
21.09.2023;3.595,00
20.09.2023;3.570,00
19.09.2023;3.642,00
18.09.2023;3.621,00
15.09.2023;3.757,00
14.09.2023;3.853,00
13.09.2023;3.849,00
12.09.2023;3.772,00
11.09.2023;3.611,00
08.09.2023;3.609,00
07.09.2023;3.573,00
06.09.2023;3.577,00
05.09.2023;3.560,00
01.09.2023;3.574,00
31.08.2023;3.602,00
30.08.2023;3.606,00
29.08.2023;3.555,00
28.08.2023;3.442,00
25.08.2023;3.430,00
24.08.2023;3.363,00
23.08.2023;3.323,00
22.08.2023;3.329,00
21.08.2023;3.355,00
18.08.2023;3.366,00
17.08.2023;3.413,00
16.08.2023;3.372,00
15.08.2023;3.340,00
14.08.2023;3.321,00
11.08.2023;3.297,00
10.08.2023;3.282,00
09.08.2023;3.319,00
08.08.2023;3.333,00
07.08.2023;3.476,00
04.08.2023;3.510,00
03.08.2023;3.491,00
02.08.2023;3.562,00
01.08.2023;3.543,00
31.07.2023;3.548,00
28.07.2023;3.525,00
27.07.2023;3.529,00
26.07.2023;3.552,00
25.07.2023;3.470,00
24.07.2023;3.417,00
21.07.2023;3.415,00
20.07.2023;3.388,00
19.07.2023;3.433,00
18.07.2023;3.407,00
17.07.2023;3.359,00
14.07.2023;3.307,00
13.07.2023;3.232,00
12.07.2023;3.299,00
11.07.2023;3.296,00
10.07.2023;3.299,00
07.07.2023;3.274,00
06.07.2023;3.277,00
05.07.2023;3.334,00
03.07.2023;3.364,00
30.06.2023;3.318,00
29.06.2023;3.218,00
28.06.2023;3.292,00
27.06.2023;3.212,00
26.06.2023;3.206,00
23.06.2023;3.123,00
22.06.2023;3.138,00
21.06.2023;3.164,00
20.06.2023;3.142,00
16.06.2023;3.188,00
15.06.2023;3.226,00
14.06.2023;3.189,00
13.06.2023;3.186,00
12.06.2023;3.136,00
09.06.2023;3.180,00
08.06.2023;3.149,00
07.06.2023;3.103,00
06.06.2023;3.045,00
05.06.2023;3.056,00
02.06.2023;3.026,00
01.06.2023;3.008,00
31.05.2023;3.007,00
30.05.2023;3.005,00
26.05.2023;2.991,00
25.05.2023;3.017,00
24.05.2023;3.010,00
23.05.2023;3.016,00
22.05.2023;3.023,00
19.05.2023;3.068,00
18.05.2023;2.991,00
17.05.2023;3.000,00
16.05.2023;2.995,00
15.05.2023;3.160,00
12.05.2023;3.226,00
11.05.2023;3.242,00
10.05.2023;3.260,00
09.05.2023;3.229,00
08.05.2023;3.179,00
05.05.2023;3.109,00
04.05.2023;3.052,00
03.05.2023;3.014,00
02.05.2023;3.130,00
01.05.2023;3.171,00
28.04.2023;3.174,00
27.04.2023;3.150,00
26.04.2023;3.176,00
25.04.2023;3.149,00
24.04.2023;3.203,00
21.04.2023;3.171,00
20.04.2023;3.087,00
19.04.2023;3.079,00
18.04.2023;3.054,00
17.04.2023;3.003,00
14.04.2023;2.984,00
13.04.2023;3.002,00
12.04.2023;2.954,00
11.04.2023;2.985,00
10.04.2023;2.922,00
06.04.2023;2.919,00
05.04.2023;2.903,00
04.04.2023;2.914,00
03.04.2023;2.868,00
31.03.2023;2.933,00
30.03.2023;2.917,00
29.03.2023;2.880,00
28.03.2023;2.901,00
27.03.2023;2.902,00
24.03.2023;2.884,00
23.03.2023;2.868,00
22.03.2023;2.874,00
21.03.2023;2.817,00
20.03.2023;2.785,00
17.03.2023;2.738,00
16.03.2023;2.658,00
15.03.2023;2.586,00
14.03.2023;2.628,00
13.03.2023;2.613,00
10.03.2023;2.674,00
09.03.2023;2.732,00
08.03.2023;2.729,00
07.03.2023;2.756,00
06.03.2023;2.791,00
03.03.2023;2.730,00
02.03.2023;2.760,00
01.03.2023;2.800,00
28.02.2023;2.748,00
27.02.2023;2.715,00
24.02.2023;2.748,00
23.02.2023;2.770,00
22.02.2023;2.779,00
21.02.2023;2.732,00
17.02.2023;2.722,00
16.02.2023;2.700,00
15.02.2023;2.692,00
14.02.2023;2.621,00
13.02.2023;2.621,00
10.02.2023;2.564,00
09.02.2023;2.578,00
08.02.2023;2.579,00
07.02.2023;2.581,00
06.02.2023;2.577,00
03.02.2023;2.569,00
02.02.2023;2.583,00
01.02.2023;2.592,00
31.01.2023;2.581,00
30.01.2023;2.611,00
27.01.2023;2.627,00
26.01.2023;2.629,00
25.01.2023;2.592,00
24.01.2023;2.585,00
23.01.2023;2.608,00
20.01.2023;2.569,00
19.01.2023;2.570,00
18.01.2023;2.620,00
17.01.2023;2.641,00
13.01.2023;2.651,00
12.01.2023;2.640,00
11.01.2023;2.633,00
10.01.2023;2.604,00
09.01.2023;2.690,00
06.01.2023;2.605,00
05.01.2023;2.617,00
04.01.2023;2.603,00
03.01.2023;2.572,00
30.12.2022;2.600,00
29.12.2022;2.578,00
28.12.2022;2.621,00
27.12.2022;2.633,00
23.12.2022;2.628,00
22.12.2022;2.606,00
21.12.2022;2.529,00
20.12.2022;2.498,00
19.12.2022;2.499,00
16.12.2022;2.475,00
15.12.2022;2.517,00
14.12.2022;2.474,00
13.12.2022;2.491,00
12.12.2022;2.452,00
09.12.2022;2.454,00
08.12.2022;2.492,00
07.12.2022;2.442,00
06.12.2022;2.437,00
05.12.2022;2.432,00
02.12.2022;2.489,00
01.12.2022;2.472,00
30.11.2022;2.451,00
29.11.2022;2.433,00
28.11.2022;2.438,00
25.11.2022;2.437,00
23.11.2022;2.397,00
22.11.2022;2.381,00
21.11.2022;2.387,00
18.11.2022;2.412,00
17.11.2022;2.428,00
16.11.2022;2.503,00
15.11.2022;2.500,00
14.11.2022;2.497,00
11.11.2022;2.520,00
10.11.2022;2.558,00
09.11.2022;2.532,00
08.11.2022;2.537,00
07.11.2022;2.506,00
04.11.2022;2.434,00
03.11.2022;2.372,00
02.11.2022;2.379,00
01.11.2022;2.348,00
31.10.2022;2.335,00
28.10.2022;2.302,00
27.10.2022;2.314,00
26.10.2022;2.278,00
25.10.2022;2.296,00
24.10.2022;2.337,00
21.10.2022;2.306,00
20.10.2022;2.328,00
19.10.2022;2.308,00
18.10.2022;2.305,00
17.10.2022;2.340,00
14.10.2022;2.377,00
13.10.2022;2.385,00
12.10.2022;2.318,00
11.10.2022;2.347,00
10.10.2022;2.358,00
07.10.2022;2.396,00
06.10.2022;2.373,00
05.10.2022;2.392,00
04.10.2022;2.360,00
03.10.2022;2.337,00
30.09.2022;2.354,00
29.09.2022;2.327,00
28.09.2022;2.282,00
27.09.2022;2.286,00
26.09.2022;2.243,00
23.09.2022;2.247,00
22.09.2022;2.321,00
21.09.2022;2.352,00
20.09.2022;2.355,00
19.09.2022;2.369,00
16.09.2022;2.360,00
15.09.2022;2.412,00
14.09.2022;2.312,00
13.09.2022;2.350,00
12.09.2022;2.386,00
09.09.2022;2.360,00
08.09.2022;2.328,00
07.09.2022;2.350,00
06.09.2022;2.369,00
02.09.2022;2.416,00
01.09.2022;2.368,00
31.08.2022;2.413,00
30.08.2022;2.408,00
29.08.2022;2.410,00
26.08.2022;2.413,00
25.08.2022;2.417,00
24.08.2022;2.398,00
23.08.2022;2.318,00
22.08.2022;2.356,00
19.08.2022;2.374,00
18.08.2022;2.422,00
17.08.2022;2.421,00
16.08.2022;2.370,00
15.08.2022;2.401,00
12.08.2022;2.394,00
11.08.2022;2.451,00
10.08.2022;2.438,00
09.08.2022;2.404,00
08.08.2022;2.380,00
05.08.2022;2.341,00
04.08.2022;2.388,00
03.08.2022;2.336,00
02.08.2022;2.390,00
01.08.2022;2.390,00
29.07.2022;2.373,00
28.07.2022;2.364,00
27.07.2022;2.394,00
26.07.2022;2.435,00
25.07.2022;2.408,00
22.07.2022;2.336,00
21.07.2022;2.344,00
20.07.2022;2.403,00
19.07.2022;2.382,00
18.07.2022;2.366,00
15.07.2022;2.356,00
14.07.2022;2.247,00
13.07.2022;2.303,00
12.07.2022;2.354,00
11.07.2022;2.373,00
08.07.2022;2.318,00
07.07.2022;2.354,00
06.07.2022;2.356,00
05.07.2022;2.315,00
01.07.2022;2.314,00
30.06.2022;2.340,00
29.06.2022;2.366,00
28.06.2022;2.402,00
27.06.2022;2.410,00
24.06.2022;2.432,00
23.06.2022;2.433,00
22.06.2022;2.452,00
21.06.2022;2.468,00
17.06.2022;2.433,00
16.06.2022;2.377,00
15.06.2022;2.377,00
14.06.2022;2.367,00
13.06.2022;2.380,00
10.06.2022;2.432,00
09.06.2022;2.473,00
08.06.2022;2.494,00
07.06.2022;2.507,00
06.06.2022;2.519,00
03.06.2022;2.505,00
02.06.2022;2.510,00
01.06.2022;2.541,00
31.05.2022;2.515,00
27.05.2022;2.482,00
26.05.2022;2.482,00
25.05.2022;2.433,00
24.05.2022;2.465,00
23.05.2022;2.473,00
20.05.2022;2.453,00
19.05.2022;2.480,00
18.05.2022;2.494,00
17.05.2022;2.530,00
16.05.2022;2.521,00
13.05.2022;2.469,00
12.05.2022;2.433,00
11.05.2022;2.489,00
10.05.2022;2.445,00
09.05.2022;2.455,00
06.05.2022;2.492,00
05.05.2022;2.511,00
04.05.2022;2.580,00
03.05.2022;2.607,00
02.05.2022;2.604,00
29.04.2022;2.567,00
28.04.2022;2.567,00
27.04.2022;2.537,00
26.04.2022;2.507,00
25.04.2022;2.487,00
22.04.2022;2.554,00
21.04.2022;2.592,00
20.04.2022;2.593,00
19.04.2022;2.580,00
18.04.2022;2.578,00
14.04.2022;2.636,00
13.04.2022;2.627,00
12.04.2022;2.634,00
11.04.2022;2.667,00
08.04.2022;2.674,00
07.04.2022;2.627,00
06.04.2022;2.605,00
05.04.2022;2.589,00
04.04.2022;2.613,00
01.04.2022;2.641,00
31.03.2022;2.687,00
30.03.2022;2.686,00
29.03.2022;2.673,00
28.03.2022;2.636,00
25.03.2022;2.600,00
24.03.2022;2.616,00
23.03.2022;2.656,00
22.03.2022;2.614,00
21.03.2022;2.552,00
18.03.2022;2.568,00
17.03.2022;2.536,00
16.03.2022;2.532,00
15.03.2022;2.522,00
14.03.2022;2.611,00
11.03.2022;2.620,00
10.03.2022;2.683,00
09.03.2022;2.663,00
08.03.2022;2.636,00
07.03.2022;2.636,00
04.03.2022;2.620,00
03.03.2022;2.562,00
02.03.2022;2.529,00
01.03.2022;2.521,00
28.02.2022;2.529,00
25.02.2022;2.614,00
24.02.2022;2.616,00
23.02.2022;2.664,00
22.02.2022;2.656,00
18.02.2022;2.640,00
17.02.2022;2.655,00
16.02.2022;2.671,00
15.02.2022;2.722,00
14.02.2022;2.731,00
11.02.2022;2.811,00
10.02.2022;2.833,00
09.02.2022;2.801,00
08.02.2022;2.725,00
07.02.2022;2.685,00
04.02.2022;2.724,00
03.02.2022;2.690,00
02.02.2022;2.672,00
01.02.2022;2.660,00
31.01.2022;2.576,00
28.01.2022;2.546,00
27.01.2022;2.506,00
26.01.2022;2.560,00
25.01.2022;2.554,00
24.01.2022;2.550,00
21.01.2022;2.629,00
20.01.2022;2.702,00
19.01.2022;2.702,00
18.01.2022;2.679,00
14.01.2022;2.698,00
13.01.2022;2.649,00
12.01.2022;2.596,00
11.01.2022;2.617,00
10.01.2022;2.556,00
07.01.2022;2.550,00
06.01.2022;2.466,00
05.01.2022;2.501,00
04.01.2022;2.502,00
03.01.2022;2.537,00
31.12.2021;2.553,00
30.12.2021;2.586,00
29.12.2021;2.546,00
28.12.2021;2.517,00
27.12.2021;2.492,00
23.12.2021;2.505,00
22.12.2021;2.497,00
21.12.2021;2.487,00
20.12.2021;2.456,00
17.12.2021;2.529,00
16.12.2021;2.569,00
15.12.2021;2.547,00
14.12.2021;2.504,00
13.12.2021;2.532,00
10.12.2021;2.466,00
09.12.2021;2.451,00
08.12.2021;2.470,00
07.12.2021;2.485,00
06.12.2021;2.460,00
03.12.2021;2.467,00
02.12.2021;2.453,00
01.12.2021;2.352,00
30.11.2021;2.346,00
29.11.2021;2.378,00
26.11.2021;2.396,00
24.11.2021;2.512,00
23.11.2021;2.568,00
22.11.2021;2.588,00
19.11.2021;2.583,00
18.11.2021;2.589,00
17.11.2021;2.568,00
16.11.2021;2.553,00
15.11.2021;2.532,00
12.11.2021;2.525,00
11.11.2021;2.537,00
10.11.2021;2.514,00
09.11.2021;2.464,00
08.11.2021;2.480,00
05.11.2021;2.448,00
04.11.2021;2.482,00
03.11.2021;2.473,00
02.11.2021;2.507,00
01.11.2021;2.602,00
29.10.2021;2.580,00
28.10.2021;2.611,00
27.10.2021;2.634,00
26.10.2021;2.618,00
25.10.2021;2.648,00
22.10.2021;2.629,00
21.10.2021;2.601,00
20.10.2021;2.561,00
19.10.2021;2.611,00
18.10.2021;2.653,00
15.10.2021;2.653,00
14.10.2021;2.632,00
13.10.2021;2.648,00
12.10.2021;2.718,00
11.10.2021;2.725,00
08.10.2021;2.789,00
07.10.2021;2.765,00
06.10.2021;2.754,00
05.10.2021;2.792,00
04.10.2021;2.784,00
01.10.2021;2.734,00
30.09.2021;2.677,00
29.09.2021;2.616,00
28.09.2021;2.585,00
27.09.2021;2.576,00
24.09.2021;2.620,00
23.09.2021;2.642,00
22.09.2021;2.678,00
21.09.2021;2.635,00
20.09.2021;2.622,00
17.09.2021;2.688,00
16.09.2021;2.680,00
15.09.2021;2.663,00
14.09.2021;2.656,00
13.09.2021;2.637,00
10.09.2021;2.603,00
09.09.2021;2.673,00
08.09.2021;2.687,00
07.09.2021;2.704,00
03.09.2021;2.654,00
02.09.2021;2.611,00
01.09.2021;2.538,00
31.08.2021;2.540,00
30.08.2021;2.597,00
27.08.2021;2.582,00
26.08.2021;2.623,00
25.08.2021;2.612,00
24.08.2021;2.570,00
23.08.2021;2.554,00
20.08.2021;2.567,00
19.08.2021;2.628,00
18.08.2021;2.673,00
17.08.2021;2.648,00
16.08.2021;2.607,00
13.08.2021;2.620,00
12.08.2021;2.582,00
11.08.2021;2.580,00
10.08.2021;2.536,00
09.08.2021;2.480,00
06.08.2021;2.474,00
05.08.2021;2.457,00
04.08.2021;2.445,00
03.08.2021;2.474,00
02.08.2021;2.421,00
30.07.2021;2.422,00
29.07.2021;2.484,00
28.07.2021;2.471,00
27.07.2021;2.438,00
26.07.2021;2.428,00
23.07.2021;2.364,00
22.07.2021;2.361,00
21.07.2021;2.317,00
20.07.2021;2.310,00
19.07.2021;2.298,00
16.07.2021;2.371,00
15.07.2021;2.369,00
14.07.2021;2.402,00
13.07.2021;2.399,00
12.07.2021;2.430,00
09.07.2021;2.347,00
08.07.2021;2.295,00
07.07.2021;2.296,00
06.07.2021;2.298,00
02.07.2021;2.319,00
01.07.2021;2.354,00
30.06.2021;2.389,00
29.06.2021;2.390,00
28.06.2021;2.380,00
25.06.2021;2.380,00
24.06.2021;2.344,00
23.06.2021;2.369,00
22.06.2021;2.396,00
21.06.2021;2.378,00
18.06.2021;2.372,00
17.06.2021;2.381,00
16.06.2021;2.422,00
15.06.2021;2.428,00
14.06.2021;2.447,00
11.06.2021;2.402,00
10.06.2021;2.433,00
09.06.2021;2.392,00
08.06.2021;2.418,00
07.06.2021;2.404,00
04.06.2021;2.452,00
03.06.2021;2.455,00
02.06.2021;2.466,00
01.06.2021;2.467,00
28.05.2021;2.456,00
27.05.2021;2.468,00
26.05.2021;2.459,00
25.05.2021;2.427,00
24.05.2021;2.437,00
21.05.2021;2.499,00
20.05.2021;2.485,00
19.05.2021;2.516,00
18.05.2021;2.549,00
17.05.2021;2.578,00
14.05.2021;2.514,00
13.05.2021;2.502,00
12.05.2021;2.517,00
11.05.2021;2.466,00
10.05.2021;2.514,00
07.05.2021;2.463,00
06.05.2021;2.413,00
05.05.2021;2.395,00
04.05.2021;2.324,00
03.05.2021;2.369,00
30.04.2021;2.382,00
29.04.2021;2.499,00
28.04.2021;2.472,00
27.04.2021;2.478,00
26.04.2021;2.487,00
23.04.2021;2.450,00
22.04.2021;2.442,00
21.04.2021;2.439,00
20.04.2021;2.419,00
19.04.2021;2.492,00
16.04.2021;2.464,00
15.04.2021;2.463,00
14.04.2021;2.459,00
13.04.2021;2.441,00
12.04.2021;2.401,00
09.04.2021;2.387,00
08.04.2021;2.384,00
07.04.2021;2.411,00
06.04.2021;2.425,00
05.04.2021;2.364,00
01.04.2021;2.416,00
31.03.2021;2.385,00
30.03.2021;2.384,00
29.03.2021;2.461,00
26.03.2021;2.479,00
25.03.2021;2.473,00
24.03.2021;2.453,00
23.03.2021;2.464,00
22.03.2021;2.515,00
19.03.2021;2.506,00
18.03.2021;2.552,00
17.03.2021;2.532,00
16.03.2021;2.526,00
15.03.2021;2.530,00
12.03.2021;2.570,00
11.03.2021;2.593,00
10.03.2021;2.573,00
09.03.2021;2.553,00
08.03.2021;2.533,00
05.03.2021;2.546,00
04.03.2021;2.625,00
03.03.2021;2.657,00
02.03.2021;2.645,00
01.03.2021;2.639,00
26.02.2021;2.604,00
25.02.2021;2.608,00
24.02.2021;2.553,00
23.02.2021;2.499,00
22.02.2021;2.490,00
19.02.2021;2.443,00
18.02.2021;2.391,00
17.02.2021;2.374,00
16.02.2021;2.428,00
12.02.2021;2.433,00
11.02.2021;2.437,00
10.02.2021;2.494,00
09.02.2021;2.430,00
08.02.2021;2.445,00
05.02.2021;2.472,00
04.02.2021;2.450,00
03.02.2021;2.454,00
02.02.2021;2.499,00
01.02.2021;2.485,00
29.01.2021;2.474,00
28.01.2021;2.457,00
27.01.2021;2.447,00
26.01.2021;2.491,00
25.01.2021;2.465,00
22.01.2021;2.486,00
21.01.2021;2.508,00
20.01.2021;2.524,00
19.01.2021;2.541,00
15.01.2021;2.482,00
14.01.2021;2.455,00
13.01.2021;2.457,00
12.01.2021;2.448,00
11.01.2021;2.430,00
08.01.2021;2.460,00
07.01.2021;2.488,00
06.01.2021;2.443,00
05.01.2021;2.469,00
04.01.2021;2.507,00
31.12.2020;2.535,00
30.12.2020;2.524,00
29.12.2020;2.451,00
28.12.2020;2.492,00
24.12.2020;2.522,00
23.12.2020;2.489,00
22.12.2020;2.470,00
21.12.2020;2.497,00
18.12.2020;2.472,00
17.12.2020;2.496,00
16.12.2020;2.465,00
15.12.2020;2.541,00
14.12.2020;2.589,00
11.12.2020;2.622,00
10.12.2020;2.567,00
09.12.2020;2.549,00
08.12.2020;2.575,00
07.12.2020;2.636,00
04.12.2020;2.654,00
03.12.2020;2.651,00
02.12.2020;2.638,00
01.12.2020;2.691,00
30.11.2020;2.739,00
27.11.2020;2.766,00
25.11.2020;2.724,00
24.11.2020;2.785,00
23.11.2020;2.753,00
20.11.2020;2.712,00
19.11.2020;2.665,00
18.11.2020;2.580,00
17.11.2020;2.517,00
16.11.2020;2.435,00
13.11.2020;2.365,00
12.11.2020;2.356,00
11.11.2020;2.374,00
10.11.2020;2.357,00
09.11.2020;2.391,00
06.11.2020;2.338,00
05.11.2020;2.318,00
04.11.2020;2.291,00
03.11.2020;2.308,00
02.11.2020;2.264,00
30.10.2020;2.305,00
29.10.2020;2.338,00
28.10.2020;2.378,00
27.10.2020;2.455,00
26.10.2020;2.492,00
23.10.2020;2.479,00
22.10.2020;2.471,00
21.10.2020;2.426,00
20.10.2020;2.382,00
19.10.2020;2.420,00
16.10.2020;2.359,00
15.10.2020;2.341,00
14.10.2020;2.383,00
13.10.2020;2.377,00
12.10.2020;2.431,00
09.10.2020;2.422,00
08.10.2020;2.459,00
07.10.2020;2.441,00
06.10.2020;2.428,00
05.10.2020;2.449,00
02.10.2020;2.461,00
01.10.2020;2.487,00
30.09.2020;2.527,00
29.09.2020;2.562,00
28.09.2020;2.565,00
25.09.2020;2.545,00
24.09.2020;2.575,00
23.09.2020;2.561,00
22.09.2020;2.541,00
21.09.2020;2.611,00
18.09.2020;2.623,00
17.09.2020;2.585,00
16.09.2020;2.589,00
15.09.2020;2.694,00
14.09.2020;2.556,00
11.09.2020;2.548,00
10.09.2020;2.537,00
09.09.2020;2.562,00
08.09.2020;2.555,00
04.09.2020;2.595,00
03.09.2020;2.634,00
02.09.2020;2.681,00
01.09.2020;2.666,00
31.08.2020;2.654,00
28.08.2020;2.623,00
27.08.2020;2.539,00
26.08.2020;2.476,00
25.08.2020;2.487,00
24.08.2020;2.459,00
21.08.2020;2.409,00
20.08.2020;2.400,00
19.08.2020;2.460,00
18.08.2020;2.445,00
17.08.2020;2.429,00
14.08.2020;2.454,00
13.08.2020;2.480,00
12.08.2020;2.465,00
11.08.2020;2.448,00
10.08.2020;2.488,00
07.08.2020;2.523,00
06.08.2020;2.494,00
05.08.2020;2.474,00
04.08.2020;2.447,00
03.08.2020;2.461,00
31.07.2020;2.399,00
30.07.2020;2.345,00
29.07.2020;2.335,00
28.07.2020;2.281,00
27.07.2020;2.279,00
24.07.2020;2.222,00
23.07.2020;2.201,00
22.07.2020;2.205,00
21.07.2020;2.178,00
20.07.2020;2.212,00
17.07.2020;2.169,00
16.07.2020;2.161,00
15.07.2020;2.135,00
14.07.2020;2.155,00
13.07.2020;2.193,00
10.07.2020;2.160,00
09.07.2020;2.149,00
08.07.2020;2.100,00
07.07.2020;2.148,00
06.07.2020;2.152,00
02.07.2020;2.179,00
01.07.2020;2.169,00
30.06.2020;2.186,00
29.06.2020;2.238,00
26.06.2020;2.277,00
25.06.2020;2.386,00
24.06.2020;2.306,00
23.06.2020;2.290,00
22.06.2020;2.270,00
19.06.2020;2.252,00
18.06.2020;2.270,00
17.06.2020;2.230,00
16.06.2020;2.269,00
15.06.2020;2.266,00
12.06.2020;2.319,00
11.06.2020;2.291,00
10.06.2020;2.394,00
09.06.2020;2.419,00
08.06.2020;2.373,00
05.06.2020;2.384,00
04.06.2020;2.377,00
03.06.2020;2.378,00
02.06.2020;2.382,00
01.06.2020;2.455,00
29.05.2020;2.408,00
28.05.2020;2.387,00
27.05.2020;2.321,00
26.05.2020;2.355,00
22.05.2020;2.352,00
21.05.2020;2.315,00
20.05.2020;2.376,00
19.05.2020;2.406,00
18.05.2020;2.379,00
15.05.2020;2.375,00
14.05.2020;2.387,00
13.05.2020;2.456,00
12.05.2020;2.402,00
11.05.2020;2.463,00
08.05.2020;2.400,00
07.05.2020;2.381,00
06.05.2020;2.363,00
05.05.2020;2.378,00
04.05.2020;2.387,00
01.05.2020;2.402,00
30.04.2020;2.414,00
29.04.2020;2.377,00
28.04.2020;2.342,00
27.04.2020;2.330,00
24.04.2020;2.323,00
23.04.2020;2.363,00
22.04.2020;2.375,00
21.04.2020;2.318,00
20.04.2020;2.358,00
17.04.2020;2.368,00
16.04.2020;2.258,00
15.04.2020;2.229,00
14.04.2020;2.288,00
13.04.2020;2.272,00
09.04.2020;2.311,00
08.04.2020;2.372,00
07.04.2020;2.392,00
06.04.2020;2.348,00
03.04.2020;2.260,00
02.04.2020;2.278,00
01.04.2020;2.237,00
31.03.2020;2.259,00
30.03.2020;2.271,00
27.03.2020;2.269,00
26.03.2020;2.262,00
25.03.2020;2.258,00
24.03.2020;2.267,00
23.03.2020;2.242,00
20.03.2020;2.231,00
19.03.2020;2.229,00
18.03.2020;2.274,00
17.03.2020;2.313,00
16.03.2020;2.331,00
13.03.2020;2.425,00
12.03.2020;2.495,00
11.03.2020;2.625,00
10.03.2020;2.577,00
09.03.2020;2.545,00
06.03.2020;2.561,00
05.03.2020;2.597,00
04.03.2020;2.626,00
03.03.2020;2.653,00
02.03.2020;2.661,00
28.02.2020;2.672,00
27.02.2020;2.745,00
26.02.2020;2.739,00
25.02.2020;2.806,00
24.02.2020;2.801,00
21.02.2020;2.843,00
20.02.2020;2.860,00
19.02.2020;2.847,00
18.02.2020;2.846,00
14.02.2020;2.886,00
13.02.2020;2.895,00
12.02.2020;2.868,00
11.02.2020;2.876,00
10.02.2020;2.878,00
07.02.2020;2.898,00
06.02.2020;2.865,00
05.02.2020;2.815,00
04.02.2020;2.781,00
03.02.2020;2.756,00
31.01.2020;2.801,00
30.01.2020;2.830,00
29.01.2020;2.754,00
28.01.2020;2.730,00
27.01.2020;2.759,00
24.01.2020;2.758,00
23.01.2020;2.790,00
22.01.2020;2.821,00
21.01.2020;2.836,00
17.01.2020;2.817,00
16.01.2020;2.736,00
15.01.2020;2.711,00
14.01.2020;2.671,00
13.01.2020;2.602,00
10.01.2020;2.602,00
09.01.2020;2.560,00
08.01.2020;2.510,00
07.01.2020;2.541,00
06.01.2020;2.497,00
03.01.2020;2.529,00
02.01.2020;2.539,00
31.12.2019;2.541,00
30.12.2019;2.469,00
27.12.2019;2.500,00
26.12.2019;2.411,00
24.12.2019;2.450,00
23.12.2019;2.436,00
20.12.2019;2.432,00
19.12.2019;2.456,00
18.12.2019;2.521,00
17.12.2019;2.550,00
16.12.2019;2.566,00
13.12.2019;2.572,00
12.12.2019;2.521,00
11.12.2019;2.568,00
10.12.2019;2.585,00
09.12.2019;2.601,00
06.12.2019;2.607,00
05.12.2019;2.580,00
04.12.2019;2.547,00
03.12.2019;2.565,00
02.12.2019;2.544,00
30.11.2019;2.148,00
29.11.2019;2.568,00
27.11.2019;2.597,00
26.11.2019;2.656,00
25.11.2019;2.598,00
22.11.2019;2.617,00
21.11.2019;2.642,00
20.11.2019;2.628,00
19.11.2019;2.653,00
18.11.2019;2.664,00
15.11.2019;2.681,00
14.11.2019;2.669,00
13.11.2019;2.655,00
12.11.2019;2.620,00
11.11.2019;2.514,00
08.11.2019;2.498,00
07.11.2019;2.450,00
06.11.2019;2.472,00
05.11.2019;2.500,00
04.11.2019;2.506,00
01.11.2019;2.501,00
31.10.2019;2.446,00
30.10.2019;2.496,00
29.10.2019;2.524,00
28.10.2019;2.504,00
25.10.2019;2.483,00
24.10.2019;2.501,00
23.10.2019;2.495,00
22.10.2019;2.484,00
21.10.2019;2.506,00
18.10.2019;2.513,00
17.10.2019;2.511,00
16.10.2019;2.534,00
15.10.2019;2.542,00
14.10.2019;2.470,00
11.10.2019;2.523,00
10.10.2019;2.477,00
09.10.2019;2.426,00
08.10.2019;2.468,00
07.10.2019;2.444,00
04.10.2019;2.491,00
03.10.2019;2.532,00
02.10.2019;2.495,00
01.10.2019;2.462,00
30.09.2019;2.456,00
27.09.2019;2.491,00
26.09.2019;2.507,00
25.09.2019;2.480,00
24.09.2019;2.453,00
23.09.2019;2.467,00
20.09.2019;2.479,00
19.09.2019;2.475,00
18.09.2019;2.409,00
17.09.2019;2.397,00
16.09.2019;2.377,00
13.09.2019;2.337,00
12.09.2019;2.319,00
11.09.2019;2.304,00
10.09.2019;2.287,00
09.09.2019;2.304,00
06.09.2019;2.277,00
05.09.2019;2.245,00
04.09.2019;2.269,00
03.09.2019;2.245,00
30.08.2019;2.222,00
29.08.2019;2.185,00
28.08.2019;2.243,00
27.08.2019;2.247,00
26.08.2019;2.238,00
23.08.2019;2.238,00
22.08.2019;2.230,00
21.08.2019;2.207,00
20.08.2019;2.174,00
19.08.2019;2.191,00
16.08.2019;2.187,00
15.08.2019;2.198,00
14.08.2019;2.204,00
13.08.2019;2.206,00
12.08.2019;2.245,00
09.08.2019;2.242,00
08.08.2019;2.254,00
07.08.2019;2.266,00
06.08.2019;2.303,00
05.08.2019;2.346,00
02.08.2019;2.361,00
01.08.2019;2.377,00
31.07.2019;2.400,00
30.07.2019;2.427,00
29.07.2019;2.434,00
26.07.2019;2.445,00
25.07.2019;2.488,00
24.07.2019;2.512,00
23.07.2019;2.519,00
22.07.2019;2.561,00
19.07.2019;2.499,00
18.07.2019;2.473,00
17.07.2019;2.458,00
16.07.2019;2.429,00
15.07.2019;2.420,00
12.07.2019;2.503,00
11.07.2019;2.491,00
10.07.2019;2.509,00
09.07.2019;2.522,00
08.07.2019;2.577,00
05.07.2019;2.463,00
03.07.2019;2.433,00
02.07.2019;2.472,00
01.07.2019;2.501,00
28.06.2019;2.425,00
27.06.2019;2.453,00
26.06.2019;2.461,00
25.06.2019;2.464,00
24.06.2019;2.487,00
21.06.2019;2.502,00
20.06.2019;2.446,00
19.06.2019;2.513,00
18.06.2019;2.500,00
17.06.2019;2.479,00
14.06.2019;2.496,00
13.06.2019;2.510,00
12.06.2019;2.541,00
11.06.2019;2.504,00
10.06.2019;2.503,00
07.06.2019;2.466,00
06.06.2019;2.432,00
05.06.2019;2.405,00
04.06.2019;2.372,00
03.06.2019;2.357,00
31.05.2019;2.406,00
30.05.2019;2.434,00
29.05.2019;2.445,00
28.05.2019;2.456,00
24.05.2019;2.462,00
23.05.2019;2.428,00
22.05.2019;2.414,00
21.05.2019;2.437,00
20.05.2019;2.383,00
17.05.2019;2.354,00
16.05.2019;2.364,00
15.05.2019;2.321,00
14.05.2019;2.293,00
13.05.2019;2.287,00
10.05.2019;2.312,00
09.05.2019;2.336,00
08.05.2019;2.305,00
07.05.2019;2.301,00
06.05.2019;2.340,00
03.05.2019;2.379,00
02.05.2019;2.374,00
01.05.2019;2.315,00
30.04.2019;2.359,00
29.04.2019;2.383,00
26.04.2019;2.335,00
25.04.2019;2.285,00
24.04.2019;2.248,00
23.04.2019;2.292,00
22.04.2019;2.342,00
18.04.2019;2.372,00
17.04.2019;2.403,00
16.04.2019;2.346,00
15.04.2019;2.396,00
12.04.2019;2.407,00
11.04.2019;2.378,00
10.04.2019;2.423,00
09.04.2019;2.418,00
08.04.2019;2.412,00
05.04.2019;2.410,00
04.04.2019;2.400,00
03.04.2019;2.375,00
02.04.2019;2.350,00
01.04.2019;2.311,00
29.03.2019;2.270,00
28.03.2019;2.254,00
27.03.2019;2.246,00
26.03.2019;2.235,00
25.03.2019;2.219,00
22.03.2019;2.170,00
21.03.2019;2.146,00
20.03.2019;2.159,00
19.03.2019;2.215,00
18.03.2019;2.211,00
15.03.2019;2.212,00
14.03.2019;2.214,00
13.03.2019;2.216,00
12.03.2019;2.217,00
11.03.2019;2.202,00
08.03.2019;2.198,00
07.03.2019;2.182,00
06.03.2019;2.245,00
05.03.2019;2.157,00
04.03.2019;2.156,00
01.03.2019;2.217,00
28.02.2019;2.247,00
27.02.2019;2.313,00
26.02.2019;2.276,00
25.02.2019;2.256,00
22.02.2019;2.288,00
21.02.2019;2.275,00
20.02.2019;2.317,00
19.02.2019;2.350,00
15.02.2019;2.339,00
14.02.2019;2.270,00
13.02.2019;2.287,00
12.02.2019;2.270,00
11.02.2019;2.265,00
08.02.2019;2.235,00
07.02.2019;2.254,00
06.02.2019;2.280,00
05.02.2019;2.250,00
04.02.2019;2.263,00
01.02.2019;2.209,00
31.01.2019;2.209,00
30.01.2019;2.213,00
29.01.2019;2.251,00
28.01.2019;2.284,00
25.01.2019;2.264,00
24.01.2019;2.289,00
23.01.2019;2.279,00
22.01.2019;2.281,00
18.01.2019;2.340,00
17.01.2019;2.369,00
16.01.2019;2.355,00
15.01.2019;2.310,00
14.01.2019;2.375,00
11.01.2019;2.388,00
10.01.2019;2.407,00
09.01.2019;2.395,00
08.01.2019;2.425,00
07.01.2019;2.447,00
04.01.2019;2.398,00
03.01.2019;2.435,00
02.01.2019;2.426,00
31.12.2018;2.449,00
28.12.2018;2.437,00
27.12.2018;2.402,00
26.12.2018;2.454,00
24.12.2018;2.337,00
21.12.2018;2.290,00
20.12.2018;2.289,00
19.12.2018;2.327,00
18.12.2018;2.286,00
17.12.2018;2.245,00
14.12.2018;2.245,00
13.12.2018;2.250,00
12.12.2018;2.162,00
11.12.2018;2.116,00
10.12.2018;2.206,00
07.12.2018;2.225,00
06.12.2018;2.128,00
05.12.2018;2.110,00
04.12.2018;2.187,00
03.12.2018;2.203,00
30.11.2018;2.203,00
29.11.2018;2.165,00
28.11.2018;2.121,00
27.11.2018;2.145,00
26.11.2018;2.116,00
23.11.2018;2.122,00
21.11.2018;2.145,00
20.11.2018;2.190,00
19.11.2018;2.206,00
16.11.2018;2.234,00
15.11.2018;2.219,00
14.11.2018;2.210,00
13.11.2018;2.255,00
12.11.2018;2.248,00
09.11.2018;2.287,00
08.11.2018;2.292,00
07.11.2018;2.399,00
06.11.2018;2.388,00
05.11.2018;2.335,00
02.11.2018;2.301,00
01.11.2018;2.287,00
31.10.2018;2.253,00
30.10.2018;2.238,00
29.10.2018;2.216,00
26.10.2018;2.262,00
25.10.2018;2.217,00
24.10.2018;2.155,00
23.10.2018;2.208,00
22.10.2018;2.235,00
19.10.2018;2.183,00
18.10.2018;2.169,00
17.10.2018;2.238,00
16.10.2018;2.205,00
15.10.2018;2.159,00
12.10.2018;2.177,00
11.10.2018;2.123,00
10.10.2018;2.115,00
09.10.2018;2.143,00
08.10.2018;2.109,00
05.10.2018;2.048,00
04.10.2018;2.034,00
03.10.2018;2.041,00
02.10.2018;2.097,00
01.10.2018;2.012,00
28.09.2018;2.082,00
27.09.2018;2.140,00
26.09.2018;2.176,00
25.09.2018;2.215,00
24.09.2018;2.255,00
21.09.2018;2.196,00
20.09.2018;2.226,00
19.09.2018;2.217,00
18.09.2018;2.258,00
17.09.2018;2.253,00
14.09.2018;2.238,00
13.09.2018;2.315,00
12.09.2018;2.325,00
11.09.2018;2.284,00
10.09.2018;2.300,00
07.09.2018;2.259,00
06.09.2018;2.281,00
05.09.2018;2.311,00
04.09.2018;2.332,00
31.08.2018;2.336,00
30.08.2018;2.275,00
29.08.2018;2.349,00
28.08.2018;2.320,00
27.08.2018;2.346,00
24.08.2018;2.364,00
23.08.2018;2.337,00
22.08.2018;2.313,00
21.08.2018;2.259,00
20.08.2018;2.195,00
17.08.2018;2.149,00
16.08.2018;2.158,00
15.08.2018;2.140,00
14.08.2018;2.150,00
13.08.2018;2.148,00
10.08.2018;2.118,00
09.08.2018;2.129,00
08.08.2018;2.150,00
07.08.2018;2.140,00
06.08.2018;2.170,00
03.08.2018;2.114,00
02.08.2018;2.138,00
01.08.2018;2.129,00
31.07.2018;2.220,00
30.07.2018;2.275,00
27.07.2018;2.272,00
26.07.2018;2.344,00
25.07.2018;2.278,00
24.07.2018;2.286,00
23.07.2018;2.327,00
20.07.2018;2.344,00
19.07.2018;2.321,00
18.07.2018;2.364,00
17.07.2018;2.418,00
16.07.2018;2.406,00
13.07.2018;2.513,00
12.07.2018;2.485,00
11.07.2018;2.480,00
10.07.2018;2.501,00
09.07.2018;2.443,00
06.07.2018;2.465,00
05.07.2018;2.482,00
03.07.2018;2.454,00
02.07.2018;2.501,00
29.06.2018;2.512,00
28.06.2018;2.451,00
27.06.2018;2.380,00
26.06.2018;2.472,00
25.06.2018;2.480,00
22.06.2018;2.514,00
21.06.2018;2.513,00
20.06.2018;2.553,00
19.06.2018;2.453,00
18.06.2018;2.476,00
15.06.2018;2.519,00
14.06.2018;2.433,00
13.06.2018;2.391,00
12.06.2018;2.444,00
11.06.2018;2.408,00
08.06.2018;2.429,00
07.06.2018;2.328,00
06.06.2018;2.357,00
05.06.2018;2.356,00
04.06.2018;2.410,00
01.06.2018;2.505,00
31.05.2018;2.507,00
30.05.2018;2.584,00
29.05.2018;2.553,00
25.05.2018;2.607,00
24.05.2018;2.647,00
23.05.2018;2.661,00
22.05.2018;2.628,00
21.05.2018;2.648,00
18.05.2018;2.708,00
17.05.2018;2.666,00
16.05.2018;2.755,00
15.05.2018;2.674,00
14.05.2018;2.779,00
11.05.2018;2.805,00
10.05.2018;2.762,00
09.05.2018;2.770,00
08.05.2018;2.773,00
07.05.2018;2.848,00
04.05.2018;2.777,00
03.05.2018;2.841,00
02.05.2018;2.813,00
01.05.2018;2.894,00
30.04.2018;2.825,00
27.04.2018;2.831,00
26.04.2018;2.802,00
25.04.2018;2.836,00
24.04.2018;2.815,00
23.04.2018;2.726,00
20.04.2018;2.729,00
19.04.2018;2.799,00
18.04.2018;2.800,00
17.04.2018;2.704,00
16.04.2018;2.704,00
13.04.2018;2.576,00
12.04.2018;2.564,00
11.04.2018;2.580,00
10.04.2018;2.531,00
09.04.2018;2.553,00
06.04.2018;2.498,00
05.04.2018;2.539,00
04.04.2018;2.525,00
03.04.2018;2.536,00
02.04.2018;2.669,00
29.03.2018;2.584,00
28.03.2018;2.629,00
27.03.2018;2.583,00
26.03.2018;2.656,00
23.03.2018;2.642,00
22.03.2018;2.560,00
21.03.2018;2.549,00
20.03.2018;2.505,00
19.03.2018;2.472,00
16.03.2018;2.547,00
15.03.2018;2.557,00
14.03.2018;2.556,00
13.03.2018;2.532,00
12.03.2018;2.546,00
09.03.2018;2.465,00
08.03.2018;2.493,00
07.03.2018;2.443,00
06.03.2018;2.441,00
05.03.2018;2.446,00
02.03.2018;2.313,00
01.03.2018;2.250,00
28.02.2018;2.218,00
27.02.2018;2.227,00
26.02.2018;2.215,00
23.02.2018;2.194,00
22.02.2018;2.146,00
21.02.2018;2.173,00
20.02.2018;2.148,00
16.02.2018;2.134,00
15.02.2018;2.134,00
14.02.2018;2.084,00
13.02.2018;2.036,00
12.02.2018;2.007,00
09.02.2018;2.060,00
08.02.2018;2.060,00
07.02.2018;2.037,00
06.02.2018;2.065,00
05.02.2018;2.074,00
02.02.2018;2.085,00
01.02.2018;2.040,00
31.01.2018;2.020,00
30.01.2018;1.994,00
29.01.2018;1.969,00
26.01.2018;2.010,00
25.01.2018;1.984,00
24.01.2018;1.979,00
23.01.2018;1.953,00
22.01.2018;1.961,00
19.01.2018;1.955,00
18.01.2018;2.004,00
17.01.2018;2.001,00
16.01.2018;1.951,00
12.01.2018;1.928,00
11.01.2018;1.940,00
10.01.2018;1.948,00
09.01.2018;1.906,00
08.01.2018;1.916,00
05.01.2018;1.898,00
04.01.2018;1.908,00
03.01.2018;1.908,00
02.01.2018;1.935,00
29.12.2017;1.893,00
28.12.2017;1.909,00
27.12.2017;1.861,00
26.12.2017;1.848,00
22.12.2017;1.815,00
21.12.2017;1.908,00
20.12.2017;1.925,00
19.12.2017;1.905,00
18.12.2017;1.915,00
15.12.2017;1.874,00
14.12.2017;1.890,00
13.12.2017;1.888,00
12.12.2017;1.867,00
11.12.2017;1.912,00
08.12.2017;1.887,00
07.12.2017;1.880,00
06.12.2017;1.906,00
05.12.2017;1.932,00
04.12.2017;2.003,00
01.12.2017;2.041,00
30.11.2017;2.049,00
29.11.2017;2.106,00
28.11.2017;2.049,00
27.11.2017;2.067,00
24.11.2017;2.107,00
22.11.2017;2.124,00
21.11.2017;2.110,00
20.11.2017;2.089,00
17.11.2017;2.131,00
16.11.2017;2.140,00
15.11.2017;2.129,00
14.11.2017;2.155,00
13.11.2017;2.201,00
10.11.2017;2.212,00
09.11.2017;2.185,00
08.11.2017;2.188,00
07.11.2017;2.139,00
06.11.2017;2.109,00
03.11.2017;2.056,00
02.11.2017;2.055,00
01.11.2017;2.119,00
31.10.2017;2.089,00
30.10.2017;2.111,00
27.10.2017;2.104,00
26.10.2017;2.119,00
25.10.2017;2.085,00
24.10.2017;2.089,00
23.10.2017;2.120,00
20.10.2017;2.132,00
19.10.2017;2.133,00
18.10.2017;2.074,00
17.10.2017;2.075,00
16.10.2017;2.057,00
13.10.2017;2.099,00
12.10.2017;2.102,00
11.10.2017;2.109,00
10.10.2017;2.061,00
09.10.2017;2.023,00
06.10.2017;2.093,00
05.10.2017;2.088,00
04.10.2017;2.079,00
03.10.2017;2.074,00
02.10.2017;2.031,00
29.09.2017;2.034,00
28.09.2017;1.980,00
27.09.2017;2.011,00
26.09.2017;1.970,00
25.09.2017;1.972,00
22.09.2017;1.984,00
21.09.2017;2.021,00
20.09.2017;2.002,00
19.09.2017;1.975,00
18.09.2017;1.986,00
15.09.2017;2.016,00
14.09.2017;1.973,00
13.09.2017;1.990,00
12.09.2017;1.951,00
11.09.2017;1.934,00
08.09.2017;1.933,00
07.09.2017;1.906,00
06.09.2017;1.917,00
05.09.2017;1.946,00
01.09.2017;1.947,00
31.08.2017;1.926,00
30.08.2017;1.924,00
29.08.2017;1.959,00
28.08.2017;1.997,00
25.08.2017;1.933,00
24.08.2017;1.895,00
23.08.2017;1.871,00
22.08.2017;1.886,00
21.08.2017;1.892,00
18.08.2017;1.878,00
17.08.2017;1.869,00
16.08.2017;1.839,00
15.08.2017;1.865,00
14.08.2017;1.920,00
11.08.2017;1.977,00
10.08.2017;1.965,00
09.08.2017;2.005,00
08.08.2017;2.028,00
07.08.2017;2.042,00
04.08.2017;2.021,00
03.08.2017;2.086,00
02.08.2017;2.082,00
01.08.2017;2.052,00
31.07.2017;2.087,00
28.07.2017;2.086,00
27.07.2017;2.034,00
26.07.2017;1.944,00
25.07.2017;1.963,00
24.07.2017;2.005,00
21.07.2017;2.005,00
20.07.2017;1.993,00
19.07.2017;1.979,00
18.07.2017;1.947,00
17.07.2017;1.946,00
14.07.2017;1.915,00
13.07.2017;1.872,00
12.07.2017;1.821,00
11.07.2017;1.817,00
10.07.2017;1.838,00
07.07.2017;1.872,00
06.07.2017;1.927,00
05.07.2017;1.947,00
03.07.2017;1.958,00
30.06.2017;1.940,00
29.06.2017;1.861,00
28.06.2017;1.884,00
27.06.2017;1.863,00
26.06.2017;1.845,00
23.06.2017;1.879,00
22.06.2017;1.823,00
21.06.2017;1.853,00
20.06.2017;1.918,00
19.06.2017;1.934,00
16.06.2017;2.028,00
15.06.2017;2.069,00
14.06.2017;2.075,00
13.06.2017;2.056,00
12.06.2017;2.088,00
09.06.2017;2.038,00
08.06.2017;1.989,00
07.06.2017;1.983,00
06.06.2017;1.997,00
05.06.2017;2.005,00
02.06.2017;2.017,00
01.06.2017;2.038,00
31.05.2017;2.056,00
30.05.2017;2.046,00
26.05.2017;1.923,00
25.05.2017;1.889,00
24.05.2017;1.908,00
23.05.2017;2.030,00
22.05.2017;2.046,00
19.05.2017;2.041,00
18.05.2017;2.093,00
17.05.2017;2.064,00
16.05.2017;2.048,00
15.05.2017;2.041,00
12.05.2017;2.015,00
11.05.2017;1.952,00
10.05.2017;1.954,00
09.05.2017;1.960,00
08.05.2017;1.955,00
05.05.2017;1.866,00
04.05.2017;1.839,00
03.05.2017;1.780,00
02.05.2017;1.805,00
01.05.2017;1.812,00
28.04.2017;1.841,00
27.04.2017;1.868,00
26.04.2017;1.875,00
25.04.2017;1.852,00
24.04.2017;1.816,00
21.04.2017;1.850,00
20.04.2017;1.799,00
19.04.2017;1.873,00
18.04.2017;1.916,00
17.04.2017;1.927,00
13.04.2017;1.915,00
12.04.2017;1.967,00
11.04.2017;1.988,00
10.04.2017;1.964,00
07.04.2017;2.007,00
06.04.2017;2.090,00
05.04.2017;2.113,00
04.04.2017;2.112,00
03.04.2017;2.111,00
31.03.2017;2.098,00
30.03.2017;2.099,00
29.03.2017;2.091,00
28.03.2017;2.135,00
27.03.2017;2.157,00
24.03.2017;2.139,00
23.03.2017;2.181,00
22.03.2017;2.167,00
21.03.2017;2.157,00
20.03.2017;2.120,00
17.03.2017;2.022,00
16.03.2017;2.027,00
15.03.2017;2.048,00
14.03.2017;2.058,00
13.03.2017;2.017,00
10.03.2017;1.934,00
09.03.2017;1.898,00
08.03.2017;1.912,00
07.03.2017;1.917,00
06.03.2017;1.935,00
03.03.2017;1.955,00
02.03.2017;1.928,00
01.03.2017;1.897,00
28.02.2017;1.909,00
27.02.2017;1.982,00
24.02.2017;1.994,00
23.02.2017;2.026,00
22.02.2017;1.995,00
21.02.2017;1.996,00
17.02.2017;2.000,00
16.02.2017;2.042,00
15.02.2017;1.987,00
14.02.2017;1.905,00
13.02.2017;1.925,00
10.02.2017;1.962,00
09.02.2017;1.996,00
08.02.2017;2.011,00
07.02.2017;2.017,00
06.02.2017;2.056,00
03.02.2017;2.083,00
02.02.2017;2.096,00
01.02.2017;2.112,00
31.01.2017;2.102,00
30.01.2017;2.079,00
27.01.2017;2.101,00
26.01.2017;2.140,00
25.01.2017;2.200,00
24.01.2017;2.204,00
23.01.2017;2.172,00
20.01.2017;2.146,00
19.01.2017;2.162,00
18.01.2017;2.224,00
17.01.2017;2.225,00
13.01.2017;2.195,00
12.01.2017;2.213,00
11.01.2017;2.115,00
10.01.2017;2.191,00
09.01.2017;2.168,00
06.01.2017;2.244,00
05.01.2017;2.245,00
04.01.2017;2.220,00
03.01.2017;2.152,00
30.12.2016;2.113,00
29.12.2016;2.159,00
28.12.2016;2.197,00
27.12.2016;2.231,00
23.12.2016;2.258,00
22.12.2016;2.184,00
21.12.2016;2.271,00
20.12.2016;2.251,00
19.12.2016;2.299,00
16.12.2016;2.238,00
15.12.2016;2.242,00
14.12.2016;2.315,00
13.12.2016;2.289,00
12.12.2016;2.240,00
09.12.2016;2.170,00
08.12.2016;2.272,00
07.12.2016;2.324,00
06.12.2016;2.358,00
05.12.2016;2.367,00
02.12.2016;2.395,00
01.12.2016;2.406,00
30.11.2016;2.389,00
29.11.2016;2.415,00
28.11.2016;2.402,00
25.11.2016;2.415,00
23.11.2016;2.439,00
22.11.2016;2.440,00
21.11.2016;2.431,00
18.11.2016;2.425,00
17.11.2016;2.419,00
16.11.2016;2.411,00
15.11.2016;2.395,00
14.11.2016;2.418,00
11.11.2016;2.471,00
10.11.2016;2.441,00
09.11.2016;2.451,00
08.11.2016;2.465,00
07.11.2016;2.445,00
04.11.2016;2.532,00
03.11.2016;2.633,00
02.11.2016;2.632,00
01.11.2016;2.627,00
31.10.2016;2.643,00
28.10.2016;2.648,00
27.10.2016;2.632,00
26.10.2016;2.660,00
25.10.2016;2.638,00
24.10.2016;2.627,00
21.10.2016;2.642,00
20.10.2016;2.630,00
19.10.2016;2.641,00
18.10.2016;2.630,00
17.10.2016;2.630,00
14.10.2016;2.653,00
13.10.2016;2.637,00
12.10.2016;2.608,00
11.10.2016;2.627,00
10.10.2016;2.617,00
07.10.2016;2.725,00
06.10.2016;2.738,00
05.10.2016;2.779,00
04.10.2016;2.758,00
03.10.2016;2.751,00
30.09.2016;2.734,00
29.09.2016;2.704,00
28.09.2016;2.800,00
27.09.2016;2.839,00
26.09.2016;2.817,00
23.09.2016;2.822,00
22.09.2016;2.886,00
21.09.2016;2.847,00
20.09.2016;2.836,00
19.09.2016;2.840,00
16.09.2016;2.782,00
15.09.2016;2.832,00
14.09.2016;2.809,00
13.09.2016;2.782,00
12.09.2016;2.790,00
09.09.2016;2.762,00
08.09.2016;2.885,00
07.09.2016;2.909,00
06.09.2016;2.923,00
02.09.2016;2.900,00
01.09.2016;2.897,00
31.08.2016;2.898,00
30.08.2016;2.890,00
29.08.2016;2.925,00
26.08.2016;3.015,00
25.08.2016;3.028,00
24.08.2016;3.017,00
23.08.2016;3.041,00
22.08.2016;2.984,00
19.08.2016;3.099,00
18.08.2016;3.113,00
17.08.2016;3.079,00
16.08.2016;3.059,00
15.08.2016;3.015,00
12.08.2016;2.981,00
11.08.2016;2.993,00
10.08.2016;3.005,00
09.08.2016;2.953,00
08.08.2016;2.975,00
05.08.2016;2.987,00
04.08.2016;2.962,00
03.08.2016;2.971,00
02.08.2016;2.889,00
01.08.2016;2.922,00
29.07.2016;2.846,00
28.07.2016;2.857,00
27.07.2016;2.866,00
26.07.2016;2.860,00
25.07.2016;2.860,00
22.07.2016;2.896,00
21.07.2016;2.911,00
20.07.2016;2.970,00
19.07.2016;2.994,00
18.07.2016;3.073,00
15.07.2016;3.050,00
14.07.2016;3.157,00
13.07.2016;3.143,00
12.07.2016;3.114,00
11.07.2016;3.101,00
08.07.2016;3.097,00
07.07.2016;3.110,00
06.07.2016;3.080,00
05.07.2016;3.065,00
01.07.2016;2.995,00
30.06.2016;2.963,00
29.06.2016;3.034,00
28.06.2016;3.006,00
27.06.2016;2.986,00
24.06.2016;3.023,00
23.06.2016;3.184,00
22.06.2016;3.156,00
21.06.2016;3.146,00
20.06.2016;3.123,00
17.06.2016;3.066,00
16.06.2016;3.026,00
15.06.2016;3.116,00
14.06.2016;3.104,00
13.06.2016;3.109,00
10.06.2016;3.099,00
09.06.2016;3.094,00
08.06.2016;3.092,00
07.06.2016;3.073,00
06.06.2016;3.053,00
03.06.2016;3.030,00
02.06.2016;3.042,00
01.06.2016;3.027,00
31.05.2016;3.026,00
27.05.2016;2.984,00
26.05.2016;2.921,00
25.05.2016;2.937,00
24.05.2016;2.964,00
23.05.2016;2.967,00
20.05.2016;2.924,00
19.05.2016;2.904,00
18.05.2016;2.940,00
17.05.2016;2.909,00
16.05.2016;2.935,00
13.05.2016;2.967,00
12.05.2016;3.020,00
11.05.2016;3.070,00
10.05.2016;3.101,00
09.05.2016;3.079,00
06.05.2016;3.074,00
05.05.2016;3.158,00
04.05.2016;3.186,00
03.05.2016;3.205,00
02.05.2016;3.217,00
29.04.2016;3.233,00
28.04.2016;3.182,00
27.04.2016;3.190,00
26.04.2016;3.211,00
25.04.2016;3.167,00
22.04.2016;3.155,00
21.04.2016;3.107,00
20.04.2016;3.090,00
19.04.2016;3.079,00
18.04.2016;3.041,00
15.04.2016;2.987,00
14.04.2016;2.988,00
13.04.2016;2.954,00
12.04.2016;2.963,00
11.04.2016;2.932,00
08.04.2016;2.894,00
07.04.2016;2.872,00
06.04.2016;2.912,00
05.04.2016;2.895,00
04.04.2016;2.882,00
01.04.2016;2.892,00
31.03.2016;2.959,00
30.03.2016;2.985,00
29.03.2016;2.982,00
28.03.2016;2.980,00
24.03.2016;2.972,00
23.03.2016;2.971,00
22.03.2016;3.039,00
21.03.2016;3.074,00
18.03.2016;3.117,00
17.03.2016;3.114,00
16.03.2016;3.040,00
15.03.2016;3.053,00
14.03.2016;3.081,00
11.03.2016;3.062,00
10.03.2016;3.062,00
09.03.2016;3.022,00
08.03.2016;2.970,00
07.03.2016;3.010,00
04.03.2016;3.008,00
03.03.2016;2.952,00
02.03.2016;2.948,00
01.03.2016;2.933,00
29.02.2016;2.955,00
26.02.2016;2.888,00
25.02.2016;2.947,00
24.02.2016;2.929,00
23.02.2016;2.889,00
22.02.2016;2.879,00
19.02.2016;2.857,00
18.02.2016;2.918,00
17.02.2016;2.880,00
16.02.2016;2.834,00
12.02.2016;2.874,00
11.02.2016;2.800,00
10.02.2016;2.854,00
09.02.2016;2.859,00
08.02.2016;2.870,00
05.02.2016;2.781,00
04.02.2016;2.771,00
03.02.2016;2.843,00
02.02.2016;2.767,00
01.02.2016;2.871,00
29.01.2016;2.767,00
28.01.2016;2.797,00
27.01.2016;2.771,00
26.01.2016;2.834,00
25.01.2016;2.823,00
22.01.2016;2.873,00
21.01.2016;2.857,00
20.01.2016;2.811,00
19.01.2016;2.935,00
17.01.2016;2.905,50
15.01.2016;2.909,00
14.01.2016;2.862,00
13.01.2016;2.897,00
12.01.2016;2.865,00
11.01.2016;2.905,00
08.01.2016;3.017,00
07.01.2016;2.966,00
06.01.2016;2.984,00
05.01.2016;3.061,00
04.01.2016;3.124,00
31.12.2015;3.207,00
30.12.2015;3.225,00
29.12.2015;3.207,00
28.12.2015;3.192,00
24.12.2015;3.205,00
23.12.2015;3.253,00
22.12.2015;3.194,00
21.12.2015;3.235,00
18.12.2015;3.247,00
17.12.2015;3.249,00
16.12.2015;3.286,00
15.12.2015;3.338,00
14.12.2015;3.375,00
11.12.2015;3.353,00
10.12.2015;3.347,00
09.12.2015;3.371,00
08.12.2015;3.316,00
07.12.2015;3.417,00
04.12.2015;3.390,00
03.12.2015;3.386,00
02.12.2015;3.333,00
01.12.2015;3.337,00
30.11.2015;3.339,00
27.11.2015;3.310,00
25.11.2015;3.304,00
24.11.2015;3.338,00
23.11.2015;3.306,00
20.11.2015;3.368,00
19.11.2015;3.377,00
18.11.2015;3.341,00
17.11.2015;3.371,00
16.11.2015;3.377,00
13.11.2015;3.363,00
12.11.2015;3.328,00
11.11.2015;3.313,00
10.11.2015;3.279,00
09.11.2015;3.216,00
06.11.2015;3.246,00
05.11.2015;3.270,00
04.11.2015;3.244,00
03.11.2015;3.301,00
02.11.2015;3.295,00
30.10.2015;3.263,00
29.10.2015;3.223,00
28.10.2015;3.226,00
27.10.2015;3.205,00
26.10.2015;3.181,00
23.10.2015;3.133,00
22.10.2015;3.146,00
21.10.2015;3.153,00
20.10.2015;3.202,00
19.10.2015;3.174,00
16.10.2015;3.127,00
15.10.2015;3.110,00
14.10.2015;3.111,00
13.10.2015;3.127,00
12.10.2015;3.083,00
09.10.2015;3.058,00
08.10.2015;3.067,00
07.10.2015;3.084,00
06.10.2015;3.096,00
05.10.2015;3.097,00
02.10.2015;3.099,00
01.10.2015;3.110,00
30.09.2015;3.117,00
29.09.2015;3.185,00
28.09.2015;3.241,00
25.09.2015;3.273,00
24.09.2015;3.292,00
23.09.2015;3.310,00
22.09.2015;3.303,00
21.09.2015;3.300,00
18.09.2015;3.301,00
17.09.2015;3.271,00
16.09.2015;3.254,00
15.09.2015;3.238,00
14.09.2015;3.286,00
11.09.2015;3.254,00
10.09.2015;3.276,00
09.09.2015;3.270,00
08.09.2015;3.220,00
04.09.2015;3.168,00
03.09.2015;3.114,00
02.09.2015;3.117,00
01.09.2015;3.141,00
31.08.2015;3.099,00
28.08.2015;3.112,00
27.08.2015;3.109,00
26.08.2015;3.098,00
25.08.2015;3.108,00
24.08.2015;3.088,00
21.08.2015;3.074,00
20.08.2015;3.135,00
19.08.2015;3.116,00
18.08.2015;3.084,00
17.08.2015;3.056,00
14.08.2015;3.061,00
13.08.2015;3.061,00
12.08.2015;3.052,00
11.08.2015;3.096,00
10.08.2015;3.109,00
07.08.2015;3.121,00
06.08.2015;3.071,00
05.08.2015;3.130,00
04.08.2015;3.176,00
03.08.2015;3.181,00
31.07.2015;3.221,00
30.07.2015;3.231,00
29.07.2015;3.227,00
28.07.2015;3.213,00
27.07.2015;3.197,00
24.07.2015;3.184,00
23.07.2015;3.241,00
22.07.2015;3.276,00
21.07.2015;3.333,00
20.07.2015;3.347,00
17.07.2015;3.343,00
16.07.2015;3.352,00
15.07.2015;3.353,00
14.07.2015;3.370,00
13.07.2015;3.305,00
10.07.2015;3.303,00
09.07.2015;3.278,00
08.07.2015;3.247,00
07.07.2015;3.250,00
06.07.2015;3.278,00
03.07.2015;3.270,50
02.07.2015;3.288,00
01.07.2015;3.276,00
30.06.2015;3.269,00
29.06.2015;3.331,00
26.06.2015;3.322,00
25.06.2015;3.268,00
24.06.2015;3.282,00
23.06.2015;3.251,00
22.06.2015;3.281,00
19.06.2015;3.260,00
18.06.2015;3.290,00
17.06.2015;3.222,00
16.06.2015;3.235,00
15.06.2015;3.198,00
12.06.2015;3.145,00
11.06.2015;3.104,00
10.06.2015;3.135,00
09.06.2015;3.110,00
08.06.2015;3.116,00
05.06.2015;3.113,00
04.06.2015;3.116,00
03.06.2015;3.124,00
02.06.2015;3.109,00
01.06.2015;3.049,00
29.05.2015;3.078,00
28.05.2015;3.110,00
27.05.2015;3.126,00
26.05.2015;3.136,00
22.05.2015;3.137,00
21.05.2015;3.149,00
20.05.2015;3.110,00
19.05.2015;3.130,00
18.05.2015;3.125,00
15.05.2015;3.119,00
14.05.2015;3.075,00
13.05.2015;3.056,00
12.05.2015;3.037,00
11.05.2015;3.006,00
08.05.2015;2.945,00
07.05.2015;2.929,00
06.05.2015;2.919,00
05.05.2015;2.943,00
04.05.2015;2.875,00
01.05.2015;2.877,00
30.04.2015;2.943,00
29.04.2015;2.941,00
28.04.2015;2.924,00
27.04.2015;2.922,00
24.04.2015;2.885,00
23.04.2015;2.802,00
22.04.2015;2.782,00
21.04.2015;2.775,00
20.04.2015;2.780,00
17.04.2015;2.841,00
16.04.2015;2.874,00
15.04.2015;2.822,00
14.04.2015;2.848,00
13.04.2015;2.799,00
10.04.2015;2.781,00
09.04.2015;2.792,00
08.04.2015;2.807,00
07.04.2015;2.785,00
06.04.2015;2.800,00
02.04.2015;2.768,00
01.04.2015;2.748,00
31.03.2015;2.699,00
30.03.2015;2.695,00
27.03.2015;2.744,00
26.03.2015;2.760,00
25.03.2015;2.786,00
24.03.2015;2.783,00
23.03.2015;2.757,00
20.03.2015;2.790,00
19.03.2015;2.715,00
18.03.2015;2.758,00
17.03.2015;2.788,00
16.03.2015;2.869,00
13.03.2015;2.902,00
12.03.2015;2.922,00
11.03.2015;2.940,00
10.03.2015;2.979,00
09.03.2015;3.000,00
06.03.2015;3.023,00
05.03.2015;3.075,00
04.03.2015;3.087,00
03.03.2015;3.100,00
02.03.2015;3.086,00
27.02.2015;3.102,00
26.02.2015;3.051,00
25.02.2015;3.024,00
24.02.2015;3.082,00
23.02.2015;3.054,00
20.02.2015;3.027,00
19.02.2015;3.025,00
18.02.2015;3.027,00
17.02.2015;2.990,00
13.02.2015;2.969,00
12.02.2015;2.955,00
11.02.2015;2.879,00
10.02.2015;2.863,00
09.02.2015;2.867,00
06.02.2015;2.775,00
05.02.2015;2.743,00
04.02.2015;2.724,00
03.02.2015;2.691,00
02.02.2015;2.672,00
30.01.2015;2.693,00
29.01.2015;2.686,00
28.01.2015;2.715,00
27.01.2015;2.743,00
26.01.2015;2.737,00
23.01.2015;2.755,00
22.01.2015;2.801,00
21.01.2015;2.852,00
20.01.2015;2.925,00
16.01.2015;2.942,00
15.01.2015;2.977,00
14.01.2015;2.992,00
13.01.2015;2.991,00
12.01.2015;2.994,00
09.01.2015;2.968,00
08.01.2015;2.986,00
07.01.2015;2.912,00
06.01.2015;2.902,00
05.01.2015;2.944,00
02.01.2015;2.927,00
31.12.2014;2.910,00
30.12.2014;2.972,00
29.12.2014;2.964,00
26.12.2014;2.941,00
24.12.2014;2.964,00
23.12.2014;2.966,00
22.12.2014;2.986,00
19.12.2014;2.980,00
18.12.2014;2.965,00
17.12.2014;2.915,00
16.12.2014;2.914,00
15.12.2014;2.910,00
12.12.2014;2.891,00
11.12.2014;2.888,00
10.12.2014;2.975,00
09.12.2014;2.986,00
08.12.2014;2.937,00
05.12.2014;2.929,00
04.12.2014;2.902,00
03.12.2014;2.889,00
02.12.2014;2.896,00
01.12.2014;2.933,00
28.11.2014;2.880,00
27.11.2014;2.870,50
26.11.2014;2.908,00
25.11.2014;2.863,00
24.11.2014;2.911,00
21.11.2014;2.867,00
20.11.2014;2.879,00
19.11.2014;2.871,00
18.11.2014;2.845,00
17.11.2014;2.836,00
14.11.2014;2.847,00
13.11.2014;2.798,00
12.11.2014;2.851,00
11.11.2014;2.920,00
10.11.2014;2.895,00
07.11.2014;2.889,00
06.11.2014;2.869,00
05.11.2014;2.871,00
04.11.2014;2.881,00
03.11.2014;2.861,00
31.10.2014;2.899,00
30.10.2014;2.946,00
29.10.2014;2.937,00
28.10.2014;2.923,00
27.10.2014;2.970,00
24.10.2014;3.050,00
23.10.2014;3.120,00
22.10.2014;3.113,00
21.10.2014;3.110,00
20.10.2014;3.120,00
17.10.2014;3.118,00
16.10.2014;3.086,00
15.10.2014;3.153,00
14.10.2014;3.102,00
13.10.2014;3.059,00
10.10.2014;3.157,00
09.10.2014;3.057,00
08.10.2014;3.038,00
07.10.2014;3.051,00
06.10.2014;3.079,00
03.10.2014;3.056,00
02.10.2014;3.090,00
01.10.2014;3.172,00
30.09.2014;3.300,00
29.09.2014;3.311,00
26.09.2014;3.311,00
25.09.2014;3.333,00
24.09.2014;3.371,00
23.09.2014;3.297,00
22.09.2014;3.328,00
19.09.2014;3.259,00
18.09.2014;3.192,00
17.09.2014;3.153,00
16.09.2014;3.070,00
15.09.2014;3.097,00
12.09.2014;3.074,00
11.09.2014;3.040,00
10.09.2014;3.058,00
09.09.2014;3.071,00
08.09.2014;3.082,00
05.09.2014;3.111,00
04.09.2014;3.131,00
03.09.2014;3.136,00
02.09.2014;3.155,00
29.08.2014;3.219,00
28.08.2014;3.218,00
27.08.2014;3.216,00
26.08.2014;3.220,00
25.08.2014;3.221,00
22.08.2014;3.196,00
21.08.2014;3.198,00
20.08.2014;3.221,00
19.08.2014;3.199,00
18.08.2014;3.259,00
15.08.2014;3.227,00
14.08.2014;3.215,00
13.08.2014;3.219,00
12.08.2014;3.222,00
11.08.2014;3.222,00
08.08.2014;3.228,00
07.08.2014;3.232,00
06.08.2014;3.219,00
05.08.2014;3.195,00
04.08.2014;3.195,00
01.08.2014;3.207,00
31.07.2014;3.219,00
30.07.2014;3.205,00
29.07.2014;3.177,00
28.07.2014;3.165,00
25.07.2014;3.194,00
24.07.2014;3.198,00
23.07.2014;3.185,00
22.07.2014;3.131,00
21.07.2014;3.128,00
18.07.2014;3.082,00
17.07.2014;3.064,00
16.07.2014;3.105,00
15.07.2014;3.143,00
14.07.2014;3.120,00
11.07.2014;3.127,00
10.07.2014;3.118,00
09.07.2014;3.113,00
08.07.2014;3.134,00
07.07.2014;3.117,00
03.07.2014;3.124,00
02.07.2014;3.136,00
01.07.2014;3.135,00
30.06.2014;3.143,00
27.06.2014;3.140,00
26.06.2014;3.055,00
25.06.2014;3.076,00
24.06.2014;3.056,00
23.06.2014;3.096,00
20.06.2014;3.117,00
19.06.2014;3.140,00
18.06.2014;3.141,00
17.06.2014;3.136,00
16.06.2014;3.126,00
13.06.2014;3.122,00
12.06.2014;3.085,00
11.06.2014;3.120,00
10.06.2014;3.087,00
09.06.2014;3.077,00
06.06.2014;3.079,00
05.06.2014;3.092,00
04.06.2014;3.088,00
03.06.2014;3.070,00
02.06.2014;3.069,00
30.05.2014;3.071,00
29.05.2014;3.046,00
28.05.2014;3.029,00
27.05.2014;3.031,00
26.05.2014;3.022,00
23.05.2014;3.022,00
22.05.2014;3.001,00
21.05.2014;2.981,00
20.05.2014;2.968,00
19.05.2014;2.930,00
16.05.2014;2.917,00
15.05.2014;2.907,00
14.05.2014;2.885,00
13.05.2014;2.894,00
12.05.2014;2.858,00
09.05.2014;2.853,00
08.05.2014;2.883,00
07.05.2014;2.892,00
06.05.2014;2.913,00
05.05.2014;2.921,00
02.05.2014;2.910,00
01.05.2014;2.916,00
30.04.2014;2.974,00
29.04.2014;2.940,00
28.04.2014;2.935,00
25.04.2014;2.945,00
24.04.2014;2.968,00
23.04.2014;2.997,00
22.04.2014;2.993,00
21.04.2014;2.987,00
17.04.2014;3.001,00
16.04.2014;2.956,00
15.04.2014;2.951,00
14.04.2014;2.979,00
11.04.2014;2.987,00
10.04.2014;2.970,00
09.04.2014;3.011,00
08.04.2014;2.992,00
07.04.2014;2.959,00
04.04.2014;2.966,00
03.04.2014;2.917,00
02.04.2014;2.917,00
01.04.2014;2.943,00
31.03.2014;2.955,00
28.03.2014;2.983,00
27.03.2014;2.955,00
26.03.2014;2.963,00
25.03.2014;2.949,00
24.03.2014;2.940,00
21.03.2014;2.957,00
20.03.2014;2.974,00
19.03.2014;3.025,00
18.03.2014;3.014,00
17.03.2014;3.030,00
14.03.2014;2.997,00
13.03.2014;3.011,00
12.03.2014;2.954,00
11.03.2014;3.000,00
10.03.2014;2.974,00
07.03.2014;2.966,00
06.03.2014;2.938,00
05.03.2014;2.938,00
04.03.2014;2.923,00
03.03.2014;2.894,00
28.02.2014;2.935,00
27.02.2014;2.933,00
26.02.2014;2.909,00
25.02.2014;2.899,00
24.02.2014;2.935,00
21.02.2014;2.929,00
20.02.2014;2.950,00
19.02.2014;2.909,00
18.02.2014;2.928,00
14.02.2014;2.934,00
13.02.2014;2.929,00
12.02.2014;2.941,00
11.02.2014;2.915,00
10.02.2014;2.910,00
07.02.2014;2.922,00
06.02.2014;2.886,00
05.02.2014;2.884,00
04.02.2014;2.877,00
03.02.2014;2.914,00
31.01.2014;2.911,00
30.01.2014;2.912,00
29.01.2014;2.918,00
28.01.2014;2.905,00
27.01.2014;2.889,00
24.01.2014;2.792,00
23.01.2014;2.791,00
22.01.2014;2.697,00
21.01.2014;2.679,00
17.01.2014;2.700,00
16.01.2014;2.753,00
15.01.2014;2.748,00
14.01.2014;2.752,00
13.01.2014;2.712,00
10.01.2014;2.712,00
09.01.2014;2.684,00
08.01.2014;2.700,00
07.01.2014;2.675,00
06.01.2014;2.667,00
03.01.2014;2.699,00
02.01.2014;2.636,00
01.01.2014;2.707,00
