Data;Valor_Londres;Valor_NY;ICCO_USD;ICCO_EUR
08/01/2024;3,268.00;4,053.00;4,112.55;3,747.97
05/01/2024;3,373.67;4,167.67;4,233.70;3,864.31
04/01/2024;3,424.00;4,217.67;4,281.88;3,909.99
03/01/2024;3,421.00;4,197.33;4,262.19;3,907.36
02/01/2024;3,439.00;4,233.00;4,289.52;3,915.26
29/12/2023;3,376.00;4,160.00;4,231.52;3,825.51
28/12/2023;3,416.67;4,216.00;4,285.61;3,870.55
26/12/2023;3,417.33;4,241.00;4,293.07;3,890.81
22/12/2023;3,425.33;4,263.67;4,311.54;3,917.04
21/12/2023;3,436.33;4,246.67;4,301.20;3,913.87
20/12/2023;3,438.00;4,254.00;4,304.46;3,928.89
19/12/2023;3,417.33;4,239.33;4,299.33;3,916.90
18/12/2023;3,429.67;4,231.33;4,283.30;3,922.86
15/12/2023;3,416.00;4,200.00;4,272.15;3,917.35
15/12/2023;3,416.00;4,200.00;4,272.15;3,917.35
14/12/2023;3,412.33;4,214.67;4,285.77;3,898.98
13/12/2023;3,428.67;4,184.67;4,241.76;3,931.27
12/12/2023;3,416.67;4,169.33;4,230.50;3,921.04
11/12/2023;3,390.67;4,138.33;4,198.93;3,907.52
07/12/2023;3,394.33;4,162.67;4,217.98;3,907.33
05/12/2023;3,320.67;4,072.00;4,128.35;3,826.78
04/12/2023;3,361.67;4,112.67;4,181.33;3,862.92
01/12/2023;3,383.33;4,168.33;4,230.81;3,890.02
30/11/2023;3,437.00;4,241.67;4,293.79;3,939.34
29/11/2023;3,432.00;4,230.00;4,295.35;3,914.14
28/11/2023;3,389.00;4,168.33;4,241.01;3,852.75
27/11/2023;3,344.33;4,099.00;4,160.61;3,804.25
24/11/2023;3,323.33;4,051.67;4,121.69;3,770.32
23/11/2023;3,328.00;4,051.17;4,113.74;4,051.17
22/11/2023;3,317.67;4,050.67;4,096.14;3,768.65
21/11/2023;3,328.00;4,097.33;4,137.40;3,787.59
20/11/2023;3,299.33;4,018.00;4,074.30;3,722.69
17/11/2023;3,373.33;4,084.00;4,144.01;3,802.19
16/11/2023;3,340.67;4,019.00;4,086.56;3,766.79
15/11/2023;3,303.33;3,971.67;4,041.66;3,724.39
14/11/2023;3,400.33;3,953.33;4,100.94;3,776.35
13/11/2023;3,475.00;4,048.33;4,158.25;3,886.51
10/11/2023;3,443.33;4,014.00;4,114.23;3,851.95
09/11/2023;3,395.33;3,953.00;4,063.19;3,794.00
08/11/2023;3,334.67;3,917.00;4,011.57;3,744.20
07/11/2023;3,310.00;3,889.00;3,981.81;3,726.17
06/11/2023;3,306.67;3,930.67;4,015.96;3,737.26
03/11/2023;3,309.00;3,915.67;4,008.67;3,732.87
02/11/2023;3,319.67;3,872.33;3,960.17;3,730.68
01/11/2023;3,279.67;3,808.33;3,894.43;3,696.98
31/10/2023;3,311.67;3,835.00;3,929.50;3,718.69
30/10/2023;3,317.00;3,842.67;3,939.15;3,713.43
27/10/2023;3,322.67;3,864.33;3,953.68;3,732.27
26/10/2023;3,307.33;3,827.00;3,917.83;3,720.96
25/10/2023;3,247.00;3,749.00;3,848.03;3,636.00
24/10/2023;3,215.00;3,745.67;3,831.89;3,616.35
23/10/2023;3,240.67;3,767.33;3,868.09;3,634.07
20/10/2023;3,189.33;3,710.33;3,795.08;3,584.07
19/10/2023;3,139.67;3,656.67;3,737.88;3,533.98
18/10/2023;3,106.33;3,638.67;3,708.53;3,521.62
17/10/2023;3,112.00;3,644.67;3,723.77;3,515.61
16/10/2023;3,087.67;3,586.67;3,678.43;3,488.26
13/10/2023;3,021.33;3,522.67;3,596.94;3,425.37
12/10/2023;2,997.67;3,498.33;3,582.39;3,393.96
11/10/2023;2,920.00;3,446.33;3,520.57;3,318.49
10/10/2023;2,948.67;3,476.67;3,552.28;3,345.00
09/10/2023;2,924.33;3,436.00;3,504.48;3,325.22
06/10/2023;2,932.00;3,469.00;3,533.14;3,334.75
05/10/2023;2,897.33;3,402.67;3,466.32;3,293.17
04/10/2023;2,918.67;3,430.33;3,489.13;3,320.78
03/10/2023;2,925.00;3,430.33;3,482.82;3,330.62
02/10/2023;2,975.33;3,499.33;3,555.54;3,388.08
29/09/2023;2,896.67;3,418.67;3,479.85;3,288.28
28/09/2023;2,919.00;3,446.67;3,505.89;3,320.26
27/09/2023;2,890.33;3,437.33;3,472.59;3,306.43
26/09/2023;2,939.33;3,498.33;3,539.73;3,348.06
25/09/2023;2,918.33;3,489.33;3,529.59;3,331.05
22/09/2023;2,953.33;3,570.67;3,597.13;3,374.65
21/09/2023;2,931.00;3,566.67;3,587.73;3,364.93
20/09/2023;2,919.33;3,573.00;3,595.83;3,356.17
19/09/2023;2,978.33;3,629.33;3,659.67;3,425.45
18/09/2023;2,962.67;3,619.00;3,646.58;3,409.55
15/09/2023;3,050.33;3,740.33;3,761.07;3,525.25
14/09/2023;3,042.67;3,725.67;3,750.88;3,522.64
13/09/2023;3,024.67;3,722.33;3,750.60;3,493.12
12/09/2023;2,977.33;3,651.67;3,683.61;3,434.23
11/09/2023;2,969.00;3,669.67;3,695.21;3,438.95
08/09/2023;2,981.00;3,656.00;3,685.76;3,443.05
07/09/2023;2,925.00;3,610.67;3,630.90;3,391.44
06/09/2023;2,931.33;3,656.67;3,661.81;3,414.82
05/09/2023;2,912.33;3,655.33;3,660.03;3,411.33
04/09/2023;2,862.33;3,634.00;3,623.70;3,356.82
01/09/2023;2,872.67;3,612.67;3,613.89;3,350.80
31/08/2023;2,899.00;3,639.67;3,656.78;3,372.29
30/08/2023;2,873.33;3,635.33;3,644.39;3,336.80
29/08/2023;2,836.00;3,588.00;3,583.52;3,302.39
28/08/2023;2,793.00;3,492.00;3,504.40;3,242.45
25/08/2023;2,750.00;3,469.00;3,463.22;3,210.92
24/08/2023;2,698.67;3,434.67;3,421.81;3,160.73
23/08/2023;2,675.67;3,418.67;3,410.19;3,140.44
22/08/2023;2,674.00;3,412.33;3,408.64;3,141.23
21/08/2023;2,677.33;3,448.67;3,430.73;3,147.52
18/08/2023;2,673.33;3,433.00;3,418.74;3,143.71
17/08/2023;2,692.33;3,480.33;3,456.06;3,176.81
16/08/2023;2,670.67;3,444.33;3,423.58;3,140.11
15/08/2023;2,663.33;3,424.00;3,406.75;3,120.58
14/08/2023;2,657.67;3,357.00;3,366.72;3,080.04
11/08/2023;2,619.00;3,334.67;3,330.66;3,041.73
10/08/2023;2,598.33;3,316.67;3,310.35;3,005.64
09/08/2023;2,606.00;3,339.00;3,328.48;3,031.41
08/08/2023;2,614.67;3,358.67;3,345.14;3,054.95
07/08/2023;2,672.00;3,487.67;3,450.24;3,136.79
04/08/2023;2,655.67;3,497.00;3,445.40;3,122.57
03/08/2023;2,653.00;3,489.00;3,430.81;3,134.22
02/08/2023;2,695.67;3,540.67;3,484.64;3,184.09
01/08/2023;2,694.67;3,547.33;3,492.59;3,183.50
31/07/2023;2,685.00;3,543.33;3,497.65;3,176.04
28/07/2023;2,668.00;3,513.67;3,474.76;3,148.48
27/07/2023;2,661.00;3,519.33;3,470.16;3,156.11
26/07/2023;2,650.33;3,543.00;3,484.61;3,145.21
25/07/2023;2,607.67;3,459.00;3,408.32;3,083.67
24/07/2023;2,562.67;3,410.00;3,347.93;3,021.67
21/07/2023;2,553.33;3,395.33;3,338.50;3,002.48
20/07/2023;2,536.00;3,389.33;3,323.60;2,984.43
19/07/2023;2,549.33;3,408.00;3,347.75;2,991.04
18/07/2023;2,506.33;3,401.67;3,335.34;2,971.95
17/07/2023;2,484.33;3,359.67;3,303.35;2,939.81
14/07/2023;2,466.00;3,335.33;3,283.02;2,921.56
13/07/2023;2,418.33;3,281.67;3,224.12;2,878.97
12/07/2023;2,519.00;3,335.67;3,303.55;2,969.89
11/07/2023;2,550.67;3,340.67;3,313.92;3,014.84
10/07/2023;2,553.00;3,329.67;3,301.88;3,005.54
07/07/2023;2,527.67;3,307.67;3,275.33;2,987.59
06/07/2023;2,546.00;3,321.67;3,278.75;3,014.65
05/07/2023;2,581.67;3,368.00;3,323.10;3,057.92
04/07/2023;2,583.00;3,380.50;3,333.17;3,058.51
03/07/2023;2,603.00;3,393.00;3,347.45;3,066.27
30/06/2023;2,561.33;3,342.33;3,298.19;3,019.99
29/06/2023;2,498.00;3,273.67;3,211.82;2,951.99
28/06/2023;2,539.00;3,341.67;3,273.58;3,002.20
27/06/2023;2,482.67;3,262.67;3,212.67;2,931.08
26/06/2023;2,480.33;3,256.67;3,204.59;2,937.80
23/06/2023;2,429.67;3,207.00;3,144.64;2,888.98
22/06/2023;2,429.00;3,206.33;3,150.20;2,876.60
21/06/2023;2,443.33;3,227.33;3,170.56;2,893.93
20/06/2023;2,422.33;3,204.33;3,144.89;2,885.59
19/06/2023;2,423.33;3,217.50;3,158.23;2,893.25
16/06/2023;2,416.33;3,230.67;3,165.17;2,897.08
15/06/2023;2,425.00;3,245.67;3,171.56;2,900.87
14/06/2023;2,453.67;3,206.67;3,162.39;2,912.72
13/06/2023;2,435.33;3,176.67;3,125.82;2,895.92
12/06/2023;2,396.00;3,132.33;3,065.10;2,852.08
09/06/2023;2,418.33;3,171.67;3,109.32;2,892.45
08/06/2023;2,382.00;3,147.67;3,070.38;2,848.70
07/06/2023;2,361.33;3,094.00;3,019.82;2,821.57
06/06/2023;2,329.00;3,051.00;2,974.14;2,781.12
05/06/2023;2,333.33;3,058.00;2,983.02;2,782.71
02/06/2023;2,312.33;3,032.67;2,960.10;2,762.36
01/06/2023;2,307.00;3,016.00;2,956.62;2,750.10
31/05/2023;2,313.33;3,008.67;2,940.97;2,760.69
30/05/2023;2,317.67;3,017.33;2,948.63;2,750.34
26/05/2023;2,323.33;3,005.67;2,939.41;2,743.20
25/05/2023;2,327.00;3,018.67;2,945.62;2,746.93
24/05/2023;2,317.00;3,020.67;2,945.31;2,738.11
23/05/2023;2,314.67;3,018.00;2,949.88;2,738.52
22/05/2023;2,321.67;2,891.64;2,958.48;2,737.78
19/05/2023;2,338.67;3,068.67;2,995.24;2,768.50
18/05/2023;2,286.00;2,990.67;2,917.40;2,708.80
17/05/2023;2,266.33;3,003.67;2,919.25;2,695.20
16/05/2023;2,258.33;2,988.00;2,906.93;2,675.68
15/05/2023;2,231.67;2,981.00;2,891.43;2,660.26
12/05/2023;2,238.00;2,987.67;2,890.07;2,663.34
11/05/2023;2,235.33;3,011.33;2,907.05;2,663.15
10/05/2023;2,234.33;3,028.00;2,925.93;2,668.01
09/05/2023;2,221.00;3,007.00;2,907.51;2,654.70
08/05/2023;2,206.83;2,964.00;2,878.93;2,612.48
05/05/2023;2,192.67;2,946.00;2,861.89;2,596.02
04/05/2023;2,176.33;2,922.67;2,833.29;2,572.77
03/05/2023;2,157.67;2,869.00;2,790.92;2,526.20
02/05/2023;2,177.33;2,895.00;2,808.71;2,553.12
01/05/2023;2,181.50;2,932.00;2,832.16;2,582.37
28/04/2023;2,185.67;2,936.33;2,845.90;2,578.81
27/04/2023;2,192.00;2,912.67;2,826.61;2,565.85
26/04/2023;2,195.67;2,938.00;2,842.28;2,573.40
25/04/2023;2,190.33;2,912.33;2,817.29;2,568.10
24/04/2023;2,210.00;2,957.67;2,859.64;2,592.27
21/04/2023;2,234.33;2,965.67;2,873.82;2,619.05
20/04/2023;2,212.00;2,938.67;2,849.07;2,598.35
19/04/2023;2,221.67;2,956.33;2,863.43;2,614.31
18/04/2023;2,221.00;2,949.00;2,857.85;2,608.22
17/04/2023;2,199.33;2,901.67;2,814.04;2,578.36
14/04/2023;2,196.33;2,915.67;2,825.76;2,573.71
13/04/2023;2,183.33;2,941.00;2,842.12;2,571.41
12/04/2023;2,162.67;2,893.00;2,799.41;2,547.32
11/04/2023;2,186.67;2,923.33;2,822.21;2,588.39
10/04/2023;2,181.00;2,874.67;2,791.46;2,570.80
06/04/2023;2,175.33;2,884.33;2,800.12;2,562.53
05/04/2023;2,155.00;2,884.67;2,788.62;2,554.37
04/04/2023;2,137.67;2,891.33;2,784.86;2,543.00
03/04/2023;2,121.67;2,842.67;2,740.75;2,516.69
31/03/2023;2,155.67;2,895.33;2,784.13;2,561.26
30/03/2023;2,129.33;2,892.67;2,766.36;2,538.41
29/03/2023;2,118.67;2,852.67;2,733.92;2,525.32
28/03/2023;2,135.00;2,874.67;2,758.26;2,543.53
27/03/2023;2,135.33;2,864.33;2,746.73;2,545.67
24/03/2023;2,128.00;2,841.33;2,723.91;2,532.28
23/03/2023;2,112.33;2,831.33;2,720.08;2,496.90
22/03/2023;2,128.67;2,832.33;2,722.74;2,521.26
21/03/2023;2,107.33;2,788.67;2,683.55;2,492.21
20/03/2023;2,084.67;2,767.00;2,666.61;2,486.35
17/03/2023;2,079.33;2,719.67;2,629.73;2,465.51
16/03/2023;2,050.00;2,673.33;2,582.35;2,431.80
15/03/2023;2,032.33;2,618.00;2,533.28;2,402.81
14/03/2023;2,038.33;2,663.00;2,574.83;2,401.80
13/03/2023;2,033.67;2,653.00;2,566.58;2,390.00
10/03/2023;2,069.67;2,707.00;2,605.70;2,444.41
09/03/2023;2,104.00;2,730.00;2,624.93;2,482.00
08/03/2023;2,111.33;2,734.67;2,622.63;2,486.77
07/03/2023;2,117.67;2,758.00;2,640.07;2,496.98
06/03/2023;2,113.00;2,798.67;2,677.49;2,503.99
03/03/2023;2,097.67;2,762.00;2,644.58;2,490.93
02/03/2023;2,125.33;2,786.00;2,667.03;2,518.21
01/03/2023;2,146.33;2,835.67;2,714.43;2,543.02
28/02/2023;2,104.67;2,789.33;2,671.67;2,520.72
27/02/2023;2,094.33;2,753.67;2,641.92;2,493.57
24/02/2023;2,089.67;2,736.67;2,621.40;2,486.14
23/02/2023;2,092.00;2,765.67;2,644.62;2,499.17
22/02/2023;2,095.00;2,771.00;2,653.76;2,498.78
21/02/2023;2,087.67;2,772.67;2,655.58;2,492.13
20/02/2023;2,110.33;2,766.83;2,659.06;2,487.68
17/02/2023;2,088.33;2,761.00;2,642.38;2,471.81
16/02/2023;2,080.67;2,734.00;2,622.42;2,452.49
15/02/2023;2,074.00;2,717.67;2,610.18;2,446.00
14/02/2023;2,031.67;2,657.00;2,568.22;2,395.12
13/02/2023;2,026.33;2,649.33;2,560.07;2,386.75
10/02/2023;1,995.67;2,603.00;2,510.08;2,352.07
09/02/2023;1,989.67;2,604.33;2,516.96;2,339.01
08/02/2023;2,013.67;2,602.67;2,523.33;2,351.49
07/02/2023;2,020.00;2,603.00;2,517.44;2,355.44
06/02/2023;2,015.00;2,607.33;2,518.71;2,349.71
03/02/2023;2,002.33;2,607.67;2,517.90;2,324.27
02/02/2023;2,004.00;2,623.33;2,543.58;2,329.28
01/02/2023;2,007.00;2,616.33;2,547.94;2,333.66
31/01/2023;2,003.00;2,616.00;2,546.56;2,345.50
30/01/2023;2,014.00;2,646.00;2,573.24;2,368.54
27/01/2023;2,011.00;2,647.67;2,572.82;2,369.69
26/01/2023;2,005.67;2,649.00;2,569.02;2,364.65
25/01/2023;1,981.33;2,616.00;2,538.41;2,328.86
24/01/2023;1,974.33;2,610.33;2,526.00;2,323.41
23/01/2023;1,979.00;2,621.33;2,539.18;2,337.95
20/01/2023;1,952.67;2,589.00;2,506.81;2,313.29
19/01/2023;1,955.33;2,581.33;2,504.49;2,315.40
18/01/2023;1,990.67;2,635.00;2,552.66;2,357.89
17/01/2023;2,011.00;2,657.00;2,566.02;2,378.06
16/01/2023;2,009.00;2,655.67;2,558.95;2,364.34
13/01/2023;2,021.33;2,654.33;2,564.27;2,372.34
12/01/2023;2,008.33;2,652.67;2,554.53;2,360.00
11/01/2023;2,009.33;2,644.00;2,545.18;2,369.82
10/01/2023;1,987.33;2,618.67;2,521.95;2,349.33
09/01/2023;2,019.33;2,693.67;2,584.13;2,402.34
06/01/2023;2,002.00;2,611.67;2,518.50;2,371.67
05/01/2023;2,021.00;2,623.67;2,520.64;2,394.61
04/01/2023;1,996.67;2,607.00;2,512.98;2,368.48
03/01/2023;1,994.00;2,572.67;2,484.48;2,353.17
30/12/2022;2,003.33;2,601.33;2,515.59;2,350.31
29/12/2022;1,986.67;2,576.67;2,491.01;2,335.20
28/12/2022;2,014.67;2,620.33;2,526.92;2,379.35
27/12/2022;2,008.67;2,631.33;2,527.04;2,375.93
23/12/2022;2,002.67;2,629.33;2,526.48;2,378.30
22/12/2022;1,989.00;2,606.00;2,504.16;2,365.55
21/12/2022;1,951.00;2,535.33;2,449.39;2,311.61
20/12/2022;1,931.67;2,502.67;2,428.64;2,290.93
19/12/2022;1,919.33;2,500.00;2,423.62;2,280.87
16/12/2022;1,910.33;2,478.67;2,406.36;2,268.11
15/12/2022;1,919.00;2,525.33;2,439.16;2,293.05
14/12/2022;1,900.67;2,531.33;2,449.54;2,299.02
13/12/2022;1,903.33;2,527.67;2,446.09;2,300.91
12/12/2022;1,892.67;2,506.33;2,420.85;2,295.45
09/12/2022;1,900.00;2,506.67;2,427.25;2,301.15
08/12/2022;1,926.33;2,541.33;2,453.82;2,325.98
07/12/2022;1,907.67;2,502.00;2,418.64;2,303.27
06/12/2022;1,902.67;2,488.67;2,408.53;2,296.65
05/12/2022;1,900.67;2,482.33;2,402.85;2,289.56
02/12/2022;1,918.00;2,541.67;2,454.96;2,333.81
01/12/2022;1,926.33;2,530.67;2,450.85;2,331.37
30/11/2022;1,937.67;2,498.33;2,413.51;2,337.73
29/11/2022;1,937.00;2,479.67;2,406.73;2,324.66
28/11/2022;1,932.67;2,490.67;2,414.21;2,324.04
25/11/2022;1,925.33;2,482.00;2,410.83;2,317.41
24/11/2022;1,907.67;2,463.33;2,393.01;2,299.68
23/11/2022;1,898.00;2,444.67;2,369.72;2,286.19
22/11/2022;1,916.33;2,451.00;2,370.08;2,300.99
21/11/2022;1,925.33;2,453.33;2,366.70;2,312.74
18/11/2022;1,908.33;2,458.67;2,369.13;2,291.66
17/11/2022;1,905.33;2,452.00;2,358.20;2,279.79
16/11/2022;1,912.00;2,503.00;2,392.96;2,302.51
15/11/2022;1,911.33;2,495.67;2,386.65;2,304.55
14/11/2022;1,959.00;2,495.67;2,403.50;2,323.46
11/11/2022;1,968.00;2,520.00;2,426.53;2,348.03
10/11/2022;2,026.00;2,557.33;2,467.62;2,425.30
09/11/2022;2,048.00;2,526.67;2,436.79;2,427.04
08/11/2022;2,008.67;2,517.00;2,429.10;2,408.09
07/11/2022;2,003.67;2,493.00;2,401.31;2,402.03
04/11/2022;1,992.33;2,424.00;2,349.37;2,364.17
03/11/2022;1,949.33;2,367.67;2,279.89;2,338.60
02/11/2022;1,918.33;2,384.33;2,297.22;2,328.23
01/11/2022;1,895.00;2,352.33;2,267.97;2,297.68
31/10/2022;1,883.00;2,335.00;2,253.61;2,282.24
28/10/2022;1,860.33;2,313.67;2,238.25;2,252.23
27/10/2022;1,870.33;2,322.00;2,248.55;2,252.37
26/10/2022;1,858.33;2,294.67;2,231.16;2,216.10
25/10/2022;1,884.33;2,303.00;2,236.03;2,245.20
24/10/2022;1,927.33;2,333.33;2,259.18;2,288.32
21/10/2022;1,907.67;2,311.33;2,236.50;2,268.93
20/10/2022;1,903.00;2,321.00;2,238.07;2,279.48
19/10/2022;1,890.33;2,308.67;2,219.30;2,270.12
18/10/2022;1,879.67;2,316.33;2,223.98;2,260.24
17/10/2022;1,884.00;2,328.67;2,243.68;2,280.02
14/10/2022;1,931.33;2,371.67;2,267.67;2,331.50
13/10/2022;1,918.00;2,366.33;2,273.60;2,324.30
12/10/2022;1,908.33;2,310.67;2,214.84;2,285.49
11/10/2022;1,920.00;2,342.67;2,244.18;2,300.96
10/10/2022;1,936.67;2,351.33;2,245.87;2,315.27
07/10/2022;1,948.67;2,381.00;2,274.35;2,325.29
06/10/2022;1,917.33;2,363.00;2,249.21;2,296.67
05/10/2022;1,912.67;2,377.33;2,267.94;2,299.23
04/10/2022;1,881.67;2,356.33;2,256.64;2,261.83
03/10/2022;1,880.00;2,323.33;2,222.50;2,265.51
30/09/2022;1,906.67;2,338.33;2,230.27;2,279.79
29/09/2022;1,905.67;2,314.33;2,214.19;2,260.69
28/09/2022;1,902.00;2,272.00;2,165.79;2,235.75
27/09/2022;1,895.67;2,272.00;2,150.75;2,241.19
26/09/2022;1,873.67;2,231.00;2,118.19;2,201.65
23/09/2022;1,790.16;2,387.68;2,270.57;2,242.10
22/09/2022;1,843.00;2,322.33;2,204.12;2,240.27
21/09/2022;1,855.67;2,341.33;2,225.75;2,253.69
20/09/2022;1,854.00;2,345.00;2,233.87;2,234.76
19/09/2022;1,854.33;2,358.33;2,240.96;2,240.51
16/09/2022;1,854.67;2,348.33;2,237.12;2,234.44
15/09/2022;1,847.33;2,364.67;2,245.94;2,248.41
14/09/2022;1,812.67;2,310.33;2,207.60;2,209.81
13/09/2022;1,826.67;2,347.67;2,230.65;2,231.54
12/09/2022;1,830.00;2,383.00;2,265.62;2,236.85
09/09/2022;1,838.33;2,359.00;2,248.17;2,239.18
08/09/2022;1,831.00;2,324.33;2,216.46;2,225.54
07/09/2022;1,846.67;2,342.67;2,237.74;2,239.19
06/09/2022;1,848.33;2,366.33;2,250.21;2,272.48
05/09/2022;1,853.33;2,381.50;2,260.45;2,276.61
02/09/2022;1,856.00;2,396.67;2,276.02;2,269.19
01/09/2022;1,838.67;2,358.00;2,242.76;2,253.41
31/08/2022;1,850.33;2,404.33;2,282.30;2,268.72
30/08/2022;1,840.00;2,396.33;2,274.61;2,267.45
29/08/2022;1,832.00;2,412.67;2,283.00;2,283.68
26/08/2022;1,824.00;2,405.00;2,280.21;2,280.55
25/08/2022;1,816.00;2,406.67;2,278.31;2,288.11
24/08/2022;1,809.67;2,383.00;2,262.51;2,270.20
23/08/2022;1,771.33;2,336.33;2,220.25;2,226.91
22/08/2022;1,798.67;2,121.17;2,234.58;2,249.33
19/08/2022;1,804.33;2,374.33;2,256.82;2,247.79
18/08/2022;1,806.00;2,415.33;2,292.40;2,267.18
17/08/2022;1,801.33;2,421.33;2,298.22;2,261.79
16/08/2022;1,770.67;2,384.33;2,266.70;2,228.62
15/08/2022;1,788.00;2,411.00;2,289.56;2,250.53
12/08/2022;1,775.00;2,384.67;2,274.20;2,217.00
11/08/2022;1,789.67;2,431.67;2,315.45;2,240.20
10/08/2022;1,784.33;2,433.67;2,314.87;2,240.10
09/08/2022;1,782.33;2,388.67;2,277.19;2,227.09
08/08/2022;1,764.00;2,374.00;2,259.20;2,213.45
05/08/2022;1,755.00;2,337.00;2,232.07;2,194.24
04/08/2022;1,764.33;2,383.33;2,268.48;2,218.24
03/08/2022;1,735.67;2,324.00;2,220.24;2,188.38
02/08/2022;1,763.67;2,378.33;2,271.97;2,229.03
01/08/2022;1,747.33;2,382.67;2,269.87;2,209.72
29/07/2022;1,739.67;2,368.33;2,248.67;2,204.82
28/07/2022;1,739.00;2,354.67;2,236.91;2,201.12
27/07/2022;1,770.00;2,376.33;2,257.91;2,233.75
26/07/2022;1,793.33;2,419.67;2,294.35;2,268.43
25/07/2022;1,770.67;2,398.33;2,270.64;2,224.09
22/07/2022;1,732.67;2,326.67;2,209.52;2,161.79
21/07/2022;1,746.00;2,346.67;2,223.29;2,180.71
20/07/2022;1,775.00;2,391.67;2,265.23;2,217.20
19/07/2022;1,763.33;2,382.33;2,255.87;2,204.88
18/07/2022;1,748.33;2,361.00;2,233.70;2,198.52
15/07/2022;1,752.67;2,355.00;2,221.21;2,202.11
14/07/2022;1,720.00;2,285.67;2,163.14;2,157.84
13/07/2022;1,751.00;2,336.00;2,216.98;2,199.47
12/07/2022;1,782.00;2,382.00;2,257.04;2,243.04
11/07/2022;1,781.67;2,396.67;2,263.46;2,246.60
08/07/2022;1,745.33;2,355.67;2,232.76;2,194.69
07/07/2022;1,772.33;2,372.33;2,254.00;2,218.72
06/07/2022;1,778.67;2,366.33;2,246.85;2,209.11
05/07/2022;1,749.33;2,344.33;2,220.50;2,165.54
04/07/2022;1,741.00;2,345.33;2,231.50;2,140.12
01/07/2022;1,742.33;2,346.33;2,227.71;2,140.39
30/06/2022;1,741.00;2,374.33;2,250.53;2,150.04
29/06/2022;1,751.33;2,394.67;2,266.00;2,163.80
28/06/2022;1,764.67;2,431.00;2,296.01;2,179.37
27/06/2022;1,767.67;2,440.00;2,311.76;2,180.68
24/06/2022;1,783.67;2,467.33;2,332.41;2,213.10
23/06/2022;1,782.67;2,455.67;2,322.57;2,209.46
22/06/2022;1,788.33;2,484.67;2,344.35;2,215.18
21/06/2022;1,791.67;2,495.67;2,351.46;2,229.30
20/06/2022;1,782.00;2,476.33;2,333.47;2,214.35
17/06/2022;1,776.67;2,457.00;2,316.00;2,211.43
16/06/2022;1,745.33;2,406.33;2,283.57;2,168.59
15/06/2022;1,773.33;2,405.33;2,275.93;2,191.27
14/06/2022;1,746.67;2,359.67;2,231.59;2,142.10
13/06/2022;1,737.67;2,370.33;2,244.80;2,151.41
10/06/2022;1,768.00;2,432.67;2,308.21;2,194.18
09/06/2022;1,772.00;2,471.33;2,345.87;2,201.36
08/06/2022;1,773.33;2,494.00;2,362.91;2,199.52
07/06/2022;1,778.33;2,503.67;2,373.92;2,219.02
06/06/2022;1,783.00;2,517.33;2,378.70;2,223.25
03/06/2022;1,790.83;2,500.00;2,371.02;2,213.58
02/06/2022;1,790.83;2,513.00;2,382.93;2,220.66
01/06/2022;1,798.67;2,543.00;2,395.17;2,249.67
31/05/2022;1,770.67;2,521.00;2,379.43;2,217.39
30/05/2022;1,778.33;2,505.83;2,379.85;2,207.07
27/05/2022;1,746.00;2,490.67;2,348.28;2,193.06
26/05/2022;1,748.33;2,486.33;2,345.01;2,186.49
25/05/2022;1,736.33;2,437.00;2,309.31;2,166.71
24/05/2022;1,760.00;2,463.00;2,337.62;2,175.97
23/05/2022;1,755.67;2,475.67;2,343.46;2,196.76
20/05/2022;1,750.33;2,450.00;2,320.23;2,197.37
19/05/2022;1,771.00;2,484.33;2,351.43;2,221.28
18/05/2022;1,792.67;2,494.00;2,359.71;2,249.63
17/05/2022;1,800.67;2,523.00;2,387.14;2,264.20
16/05/2022;1,818.00;2,519.33;2,377.87;2,282.04
13/05/2022;1,800.67;2,488.67;2,349.04;2,256.02
12/05/2022;1,787.67;2,452.67;2,319.00;2,235.17
11/05/2022;1,808.00;2,506.00;2,368.90;2,248.44
10/05/2022;1,778.33;2,473.67;2,333.93;2,216.07
09/05/2022;1,785.00;2,473.67;2,339.92;2,216.14
06/05/2022;1,804.67;2,510.00;2,370.96;2,242.93
05/05/2022;1,813.67;2,531.67;2,386.00;2,270.88
04/05/2022;1,835.00;2,595.67;2,445.49;2,320.40
03/05/2022;1,844.00;2,610.33;2,459.97;2,336.11
02/05/2022;1,829.17;2,612.00;2,453.02;2,331.60
29/04/2022;1,814.33;2,575.00;2,429.26;2,305.00
28/04/2022;1,820.00;2,574.00;2,421.00;2,306.00
27/04/2022;1,796.33;2,549.33;2,403.08;2,278.24
26/04/2022;1,784.00;2,533.00;2,393.45;2,245.30
25/04/2022;1,766.67;2,513.00;2,379.61;2,224.46
22/04/2022;1,783.00;2,567.00;2,429.52;2,253.02
21/04/2022;1,798.33;2,611.33;2,479.17;2,287.03
20/04/2022;1,795.33;2,614.67;2,480.45;2,284.87
19/04/2022;1,777.33;2,597.67;2,455.83;2,276.43
18/04/2022;1,786.17;2,608.67;2,466.99;2,287.96
14/04/2022;1,795.00;2,638.33;2,492.69;2,303.87
13/04/2022;1,787.67;2,615.00;2,476.59;2,277.60
12/04/2022;1,797.33;2,623.00;2,483.27;2,288.46
11/04/2022;1,813.67;2,655.00;2,510.33;2,308.62
08/04/2022;1,817.67;2,672.00;2,521.30;2,318.71
07/04/2022;1,786.00;2,610.00;2,472.24;2,268.28
06/04/2022;1,758.33;2,596.00;2,449.09;2,244.23
05/04/2022;1,741.33;2,586.00;2,433.40;2,228.99
04/04/2022;1,758.00;2,599.67;2,453.30;2,231.89
01/04/2022;1,770.33;2,630.67;2,476.41;2,242.51
31/03/2022;1,788.00;2,675.33;2,513.46;2,265.75
30/03/2022;1,789.00;2,673.67;2,513.28;2,251.65
29/03/2022;1,785.00;2,654.67;2,498.87;2,251.24
28/03/2022;1,764.33;2,633.67;2,471.81;2,252.31
25/03/2022;1,740.67;2,599.00;2,447.47;2,227.81
24/03/2022;1,756.33;2,587.33;2,450.78;2,230.82
23/03/2022;1,772.33;2,654.33;2,496.77;2,269.82
22/03/2022;1,741.00;2,602.67;2,454.62;2,228.18
21/03/2022;1,710.33;2,549.33;2,402.80;2,175.62
18/03/2022;1,735.00;2,563.33;2,425.16;2,193.19
17/03/2022;1,715.33;2,533.67;2,395.39;2,150.94
16/03/2022;1,733.67;2,546.67;2,407.89;2,189.97
15/03/2022;1,737.00;2,545.67;2,405.01;2,195.89
14/03/2022;1,793.67;2,632.67;2,483.61;2,264.80
11/03/2022;1,801.33;2,650.33;2,498.46;2,288.22
10/03/2022;1,818.33;2,676.00;2,528.14;2,298.72
09/03/2022;1,793.00;2,670.00;2,513.31;2,270.65
08/03/2022;1,783.67;2,643.33;2,488.10;2,286.81
07/03/2022;1,774.00;2,650.33;2,486.91;2,289.95
04/03/2022;1,759.33;2,623.33;2,473.13;2,266.50
03/03/2022;1,720.67;2,576.33;2,434.35;2,201.14
02/03/2022;1,716.00;2,542.67;2,416.72;2,176.62
01/03/2022;1,703.67;2,544.33;2,405.70;2,166.69
28/02/2022;1,713.33;2,548.33;2,422.96;2,158.98
25/02/2022;1,751.33;2,629.00;2,487.02;2,208.84
24/02/2022;1,756.67;2,635.67;2,489.84;2,232.64
23/02/2022;1,775.33;2,684.33;2,544.20;2,248.69
22/02/2022;1,746.00;2,663.33;2,517.29;2,219.37
21/02/2022;1,735.33;2,660.33;2,509.37;2,211.13
18/02/2022;1,751.67;2,657.33;2,517.00;2,222.51
17/02/2022;1,760.33;2,672.00;2,533.16;2,229.56
16/02/2022;1,782.67;2,713.00;2,565.55;2,254.22
15/02/2022;1,822.00;2,733.67;2,598.19;2,286.53
14/02/2022;1,796.00;2,723.00;2,573.04;2,277.14
11/02/2022;1,837.67;2,805.00;2,650.64;2,323.95
10/02/2022;1,846.33;2,816.67;2,663.84;2,322.20
09/02/2022;1,835.33;2,792.00;2,636.59;2,305.83
08/02/2022;1,798.00;2,712.33;2,572.47;2,253.61
07/02/2022;1,785.00;2,677.00;2,544.27;2,225.34
04/02/2022;1,805.33;2,712.33;2,576.57;2,249.35
03/02/2022;1,788.00;2,681.00;2,554.33;2,235.93
02/02/2022;1,780.67;2,665.33;2,539.07;2,247.46
01/02/2022;1,777.67;2,648.67;2,523.50;2,245.29
31/01/2022;1,734.33;2,567.67;2,448.05;2,183.54
28/01/2022;1,723.67;2,530.33;2,420.58;2,168.84
27/01/2022;1,708.67;2,491.67;2,388.42;2,143.96
26/01/2022;1,730.67;2,555.33;2,446.47;2,168.43
25/01/2022;1,719.00;2,548.67;2,432.81;2,156.32
24/01/2022;1,726.00;2,541.00;2,429.64;2,146.22
21/01/2022;1,763.00;2,620.00;2,503.86;2,207.78
20/01/2022;1,786.00;2,692.67;2,563.27;2,262.21
19/01/2022;1,791.67;2,695.67;2,567.06;2,262.48
18/01/2022;1,796.00;2,665.33;2,551.61;2,251.29
17/01/2022;1,798.33;2,678.50;2,565.53;2,248.69
14/01/2022;1,789.00;2,691.67;2,567.27;2,249.32
13/01/2022;1,751.33;2,651.00;2,525.82;2,203.65
12/01/2022;1,729.33;2,596.67;2,481.59;2,170.64
11/01/2022;1,737.00;2,617.00;2,490.14;2,192.19
10/01/2022;1,714.00;2,553.67;2,438.54;2,152.01
07/01/2022;1,720.67;2,548.33;2,441.38;2,149.76
06/01/2022;1,672.67;2,456.33;2,358.93;2,086.59
05/01/2022;1,691.67;2,495.67;2,394.70;2,112.24
04/01/2022;1,687.00;2,502.67;2,392.21;2,117.94
03/01/2022;1,702.17;2,523.67;2,406.58;2,131.99
31/12/2021;1,717.33;2,555.33;2,439.31;2,143.79
30/12/2021;1,725.33;2,573.67;2,450.10;2,164.78
29/12/2021;1,714.33;2,526.33;2,416.78;2,131.48
28/12/2021;1,700.00;2,510.67;2,395.82;2,117.55
27/12/2021;1,699.33;2,497.33;2,389.26;2,108.88
23/12/2021;1,698.67;2,492.33;2,383.89;2,105.81
22/12/2021;1,699.00;2,487.00;2,376.01;2,098.14
21/12/2021;1,705.67;2,482.00;2,369.64;2,102.70
20/12/2021;1,691.67;2,452.67;2,343.55;2,074.63
17/12/2021;1,725.00;2,515.33;2,400.57;2,129.18
16/12/2021;1,738.00;2,564.00;2,439.42;2,157.06
15/12/2021;1,742.00;2,561.33;2,431.34;2,159.40
14/12/2021;1,726.00;2,523.00;2,402.77;2,132.46
13/12/2021;1,723.67;2,537.00;2,408.96;2,132.29
10/12/2021;1,689.33;2,471.33;2,356.03;2,082.38
09/12/2021;1,694.67;2,470.00;2,352.38;2,084.33
08/12/2021;1,697.33;2,488.00;2,367.17;2,089.38
07/12/2021;1,710.33;2,487.00;2,375.23;2,111.81
06/12/2021;1,706.00;2,478.33;2,369.60;2,100.06
03/12/2021;1,708.67;2,470.67;2,365.66;2,092.07
02/12/2021;1,695.33;2,454.00;2,354.65;2,082.57
01/12/2021;1,654.33;2,361.00;2,281.29;2,014.50
30/11/2021;1,649.67;2,365.67;2,275.53;2,016.23
29/11/2021;1,662.33;2,397.33;2,303.33;2,045.24
26/11/2021;1,670.00;2,413.33;2,319.05;2,052.01
25/11/2021;1,725.33;2,462.00;2,380.33;2,123.14
24/11/2021;1,725.67;2,510.67;2,405.40;2,148.87
23/11/2021;1,754.67;2,574.33;2,461.39;2,185.10
22/11/2021;1,743.33;2,593.67;2,465.78;2,189.74
19/11/2021;1,728.33;2,588.33;2,458.20;2,171.94
18/11/2021;1,731.67;2,588.00;2,461.45;2,167.18
17/11/2021;1,716.67;2,570.33;2,442.54;2,156.89
16/11/2021;1,710.00;2,554.67;2,425.00;2,139.58
15/11/2021;1,713.00;2,533.67;2,417.37;2,117.98
12/11/2021;1,696.33;2,503.33;2,388.76;2,087.54
11/11/2021;1,712.00;2,524.00;2,406.73;2,099.63
10/11/2021;1,697.00;2,498.33;2,388.15;2,077.81
09/11/2021;1,664.67;2,448.33;2,351.48;2,029.33
08/11/2021;1,665.00;2,472.00;2,364.83;2,040.26
05/11/2021;1,669.00;2,436.67;2,344.07;2,028.21
04/11/2021;1,680.00;2,467.33;2,366.66;2,049.88
03/11/2021;1,677.00;2,459.67;2,374.13;2,049.83
02/11/2021;1,683.00;2,502.33;2,394.98;2,068.66
01/11/2021;1,708.33;2,584.67;2,458.01;2,120.16
29/10/2021;1,712.67;2,581.67;2,461.66;2,130.93
28/10/2021;1,737.67;2,604.67;2,499.98;2,140.36
27/10/2021;1,750.00;2,622.00;2,511.85;2,165.59
26/10/2021;1,759.00;2,615.67;2,518.11;2,172.75
25/10/2021;1,766.67;2,637.00;2,533.92;2,182.59
22/10/2021;1,766.67;2,617.67;2,521.69;2,168.03
21/10/2021;1,764.67;2,597.67;2,516.10;2,160.95
20/10/2021;1,753.67;2,548.33;2,484.42;2,133.99
19/10/2021;1,784.67;2,569.33;2,514.93;2,161.96
18/10/2021;1,813.33;2,636.33;2,560.84;2,205.91
15/10/2021;1,811.33;2,639.67;2,565.03;2,212.73
14/10/2021;1,814.67;2,619.00;2,550.41;2,200.37
13/10/2021;1,817.33;2,636.00;2,556.97;2,210.37
12/10/2021;1,852.67;2,702.67;2,610.78;2,262.37
11/10/2021;1,855.67;2,705.33;2,616.10;2,260.70
08/10/2021;1,874.33;2,775.33;2,664.46;2,302.63
07/10/2021;1,858.67;2,753.00;2,643.27;2,286.56
06/10/2021;1,857.33;2,745.67;2,632.80;2,280.14
05/10/2021;1,875.33;2,773.67;2,665.53;2,296.22
04/10/2021;1,879.00;2,769.67;2,662.51;2,291.22
01/10/2021;1,862.33;2,728.00;2,627.59;2,265.77
30/09/2021;1,854.00;2,669.33;2,583.06;2,231.24
29/09/2021;1,826.67;2,609.00;2,531.84;2,180.55
28/09/2021;1,790.33;2,570.67;2,497.12;2,138.16
27/09/2021;1,768.67;2,569.67;2,497.70;2,134.53
24/09/2021;1,788.33;2,609.33;2,528.20;2,158.45
23/09/2021;1,807.67;2,631.00;2,558.05;2,180.09
22/09/2021;1,829.67;2,672.00;2,586.81;2,203.57
21/09/2021;1,808.33;2,620.67;2,546.15;2,171.74
20/09/2021;1,795.33;2,603.33;2,527.97;2,155.22
17/09/2021;1,815.33;2,677.67;2,587.51;2,205.46
16/09/2021;1,807.33;2,671.00;2,581.61;2,194.76
15/09/2021;1,801.33;2,668.67;2,580.95;2,185.16
14/09/2021;1,787.67;2,671.33;2,573.89;2,177.13
13/09/2021;1,781.33;2,646.33;2,556.65;2,164.97
10/09/2021;1,775.00;2,628.00;2,543.81;2,152.70
09/09/2021;1,796.67;2,688.00;2,588.96;2,188.96
08/09/2021;1,814.00;2,695.67;2,598.04;2,197.29
07/09/2021;1,824.67;2,715.00;2,616.25;2,207.98
06/09/2021;1,801.67;2,686.33;2,589.29;2,182.12
03/09/2021;1,790.00;2,657.67;2,569.93;2,162.72
02/09/2021;1,785.67;2,623.33;2,546.41;2,147.52
01/09/2021;1,755.67;2,553.67;2,487.85;2,099.37
31/08/2021;1,756.33;2,553.67;2,484.58;2,105.80
30/08/2021;1,768.67;2,606.00;2,520.24;2,136.79
27/08/2021;1,781.00;2,591.33;2,522.33;2,138.56
26/08/2021;1,792.33;2,627.00;2,542.77;2,162.12
25/08/2021;1,789.67;2,622.00;2,539.96;2,160.11
24/08/2021;1,778.00;2,594.67;2,517.26;2,143.45
23/08/2021;1,776.33;2,578.67;2,508.96;2,137.51
20/08/2021;1,786.33;2,577.33;2,506.77;2,143.41
19/08/2021;1,795.67;2,638.67;2,547.48;2,178.60
18/08/2021;1,798.33;2,678.67;2,576.14;2,201.70
17/08/2021;1,791.67;2,658.33;2,560.53;2,186.06
16/08/2021;1,783.33;2,627.67;2,549.24;2,164.94
13/08/2021;1,757.00;2,589.67;2,512.70;2,130.14
12/08/2021;1,740.67;2,567.33;2,488.12;2,120.25
11/08/2021;1,743.67;2,561.00;2,489.95;2,121.56
10/08/2021;1,729.33;2,517.33;2,455.88;2,095.48
09/08/2021;1,703.00;2,463.00;2,411.34;2,052.65
06/08/2021;1,691.67;2,462.33;2,405.01;2,044.86
05/08/2021;1,671.33;2,444.00;2,386.50;2,016.00
04/08/2021;1,674.00;2,436.00;2,382.89;2,012.47
03/08/2021;1,679.33;2,456.67;2,396.39;2,021.00
02/08/2021;1,654.00;2,400.67;2,349.82;1,979.96
30/07/2021;1,656.67;2,407.67;2,356.79;1,986.42
29/07/2021;1,679.33;2,460.00;2,403.22;2,021.95
28/07/2021;1,684.67;2,460.00;2,400.17;2,032.82
27/07/2021;1,670.00;2,421.00;2,370.52;2,003.92
26/07/2021;1,664.67;2,416.00;2,359.78;1,997.91
23/07/2021;1,628.00;2,367.67;2,303.78;1,958.79
22/07/2021;1,619.00;2,351.33;2,288.89;1,944.99
21/07/2021;1,609.00;2,309.00;2,256.91;1,913.07
20/07/2021;1,599.33;2,298.00;2,238.31;1,900.88
19/07/2021;1,600.67;2,287.67;2,239.81;1,897.46
16/07/2021;1,631.33;2,357.00;2,303.39;1,950.39
15/07/2021;1,640.00;2,406.00;2,339.19;1,981.41
14/07/2021;1,665.67;2,429.33;2,369.10;2,003.19
13/07/2021;1,676.00;2,429.67;2,375.88;2,011.42
12/07/2021;1,679.67;2,464.33;2,398.70;2,022.70
09/07/2021;1,644.33;2,375.33;2,326.82;1,961.39
08/07/2021;1,623.67;2,326.33;2,281.47;1,926.93
07/07/2021;1,632.67;2,349.67;2,301.41;1,950.10
06/07/2021;1,638.00;2,340.00;2,300.06;1,946.88
05/07/2021;1,659.00;2,352.33;2,326.10;1,960.09
02/07/2021;1,644.00;2,364.67;2,316.82;1,955.51
01/07/2021;1,655.00;2,396.33;2,339.08;1,972.90
30/06/2021;1,668.00;2,422.33;2,363.34;1,994.78
29/06/2021;1,659.33;2,421.33;2,360.04;1,982.32
28/06/2021;1,648.33;2,415.00;2,352.97;1,971.20
25/06/2021;1,651.67;2,408.00;2,351.99;1,970.03
24/06/2021;1,639.33;2,380.00;2,330.20;1,953.87
23/06/2021;1,648.67;2,406.33;2,355.42;1,971.25
22/06/2021;1,662.67;2,431.33;2,373.26;1,992.59
21/06/2021;1,656.67;2,413.33;2,359.54;1,981.19
18/06/2021;1,664.67;2,408.33;2,354.33;1,983.17
17/06/2021;1,661.67;2,420.00;2,366.52;1,986.81
16/06/2021;1,657.67;2,455.33;2,388.99;1,991.82
15/06/2021;1,663.67;2,455.33;2,398.39;1,978.79
14/06/2021;1,645.00;2,438.67;2,380.54;1,963.35
11/06/2021;1,632.33;2,397.33;2,350.64;1,942.81
10/06/2021;1,633.33;2,420.33;2,366.93;1,944.91
09/06/2021;1,620.00;2,393.33;2,340.63;1,921.54
08/06/2021;1,624.67;2,426.00;2,362.25;1,939.64
07/06/2021;1,620.00;2,402.67;2,349.79;1,926.24
04/06/2021;1,637.00;2,451.00;2,385.64;1,959.92
03/06/2021;1,636.67;2,446.00;2,376.69;1,960.53
02/06/2021;1,636.00;2,466.00;2,392.47;1,958.84
01/06/2021;1,646.00;2,461.00;2,396.57;1,958.12
28/05/2021;1,639.33;2,459.33;2,392.69;1,962.37
27/05/2021;1,638.67;2,468.00;2,395.41;1,964.83
26/05/2021;1,656.67;2,458.00;2,399.44;1,966.34
25/05/2021;1,643.67;2,426.67;2,374.05;1,940.90
24/05/2021;1,651.67;2,431.00;2,384.38;1,952.45
21/05/2021;1,657.00;2,490.00;2,418.03;1,985.81
20/05/2021;1,658.67;2,486.67;2,419.25;1,980.27
19/05/2021;1,676.33;2,513.67;2,444.77;2,001.65
18/05/2021;1,710.00;2,551.67;2,488.91;2,039.66
17/05/2021;1,729.33;2,565.33;2,504.44;2,060.53
14/05/2021;1,706.33;2,507.00;2,456.34;2,023.41
13/05/2021;1,718.67;2,536.33;2,474.28;2,050.07
12/05/2021;1,705.67;2,544.33;2,473.47;2,048.77
11/05/2021;1,672.67;2,506.33;2,436.79;2,002.92
10/05/2021;1,687.33;2,536.67;2,462.71;2,023.49
07/05/2021;1,666.00;2,484.33;2,408.20;1,980.02
06/05/2021;1,640.00;2,438.33;2,357.98;1,957.24
05/05/2021;1,627.00;2,426.67;2,345.64;1,954.39
04/05/2021;1,611.67;2,363.67;2,300.09;1,914.48
03/05/2021;1,624.17;2,380.67;2,320.39;1,924.18
30/04/2021;1,636.67;2,406.67;2,336.07;1,941.63
29/04/2021;1,674.67;2,512.67;2,425.04;2,002.36
28/04/2021;1,668.67;2,489.33;2,406.18;1,989.19
27/04/2021;1,671.33;2,495.00;2,410.08;1,995.79
26/04/2021;1,672.67;2,499.67;2,412.04;1,996.33
23/04/2021;1,668.00;2,465.00;2,387.80;1,978.41
22/04/2021;1,664.33;2,460.67;2,383.47;1,984.36
21/04/2021;1,656.67;2,446.67;2,378.20;1,976.64
20/04/2021;1,635.67;2,435.67;2,359.69;1,959.25
19/04/2021;1,654.00;2,506.33;2,409.60;2,003.34
16/04/2021;1,652.00;2,474.00;2,379.56;1,986.46
15/04/2021;1,649.00;2,472.33;2,372.82;1,983.44
14/04/2021;1,628.67;2,446.67;2,346.83;1,960.07
13/04/2021;1,632.33;2,418.67;2,331.48;1,952.85
12/04/2021;1,605.67;2,394.33;2,300.98;1,932.25
09/04/2021;1,620.00;2,384.33;2,304.74;1,937.48
08/04/2021;1,650.67;2,387.00;2,327.92;1,955.57
07/04/2021;1,679.33;2,408.67;2,359.92;1,985.29
06/04/2021;1,684.00;2,408.67;2,370.76;2,000.80
05/04/2021;1,687.33;2,367.67;2,357.71;1,996.39
01/04/2021;1,690.67;2,409.33;2,374.10;2,016.92
31/03/2021;1,673.33;2,385.00;2,347.85;1,998.61
30/03/2021;1,670.33;2,377.33;2,336.02;1,992.74
29/03/2021;1,706.00;2,451.00;2,402.98;2,040.01
26/03/2021;1,712.00;2,468.00;2,414.94;2,046.90
25/03/2021;1,714.33;2,475.00;2,415.16;2,053.13
24/03/2021;1,699.00;2,442.67;2,386.93;2,018.51
23/03/2021;1,693.33;2,460.00;2,396.49;2,020.13
22/03/2021;1,705.33;2,512.67;2,438.43;2,042.79
19/03/2021;1,711.33;2,498.67;2,436.91;2,046.89
18/03/2021;1,729.33;2,544.00;2,477.13;2,078.44
17/03/2021;1,717.00;2,516.33;2,449.64;2,058.18
16/03/2021;1,720.33;2,536.33;2,464.70;2,070.47
15/03/2021;1,731.33;2,539.33;2,472.51;2,073.82
12/03/2021;1,747.67;2,577.67;2,506.39;2,097.35
11/03/2021;1,750.67;2,590.67;2,519.66;2,103.79
10/03/2021;1,742.00;2,580.67;2,501.50;2,102.14
09/03/2021;1,738.33;2,552.67;2,483.56;2,089.55
08/03/2021;1,742.33;2,538.33;2,472.68;2,087.07
05/03/2021;1,754.67;2,547.00;2,485.97;2,086.60
04/03/2021;1,777.67;2,616.67;2,553.50;2,120.17
03/03/2021;1,780.67;2,651.33;2,571.29;2,129.28
02/03/2021;1,768.00;2,640.33;2,554.58;2,115.07
01/03/2021;1,758.33;2,644.00;2,547.91;2,113.87
26/02/2021;1,736.67;2,591.00;2,507.04;2,073.32
25/02/2021;1,724.00;2,607.33;2,520.12;2,061.08
24/02/2021;1,692.33;2,548.00;2,468.07;2,033.07
23/02/2021;1,680.33;2,487.33;2,428.30;1,999.71
22/02/2021;1,675.33;2,486.33;2,422.60;1,993.80
19/02/2021;1,644.33;2,436.67;2,371.71;1,954.41
18/02/2021;1,623.00;2,381.33;2,323.64;1,923.98
17/02/2021;1,623.33;2,374.67;2,311.74;1,919.78
16/02/2021;1,630.33;2,418.33;2,343.72;1,935.79
15/02/2021;1,644.67;2,290.53;2,366.43;1,949.82
12/02/2021;1,676.67;2,466.33;2,394.93;1,976.26
11/02/2021;1,680.00;2,434.00;2,378.55;1,961.47
10/02/2021;1,696.33;2,552.67;2,451.64;2,020.76
09/02/2021;1,679.00;2,485.67;2,401.55;1,983.80
08/02/2021;1,676.67;2,492.67;2,398.96;1,991.97
05/02/2021;1,685.67;2,509.00;2,411.79;2,003.48
04/02/2021;1,678.33;2,479.33;2,386.81;1,995.01
03/02/2021;1,674.33;2,475.33;2,381.57;1,980.75
02/02/2021;1,708.67;2,519.33;2,426.34;2,018.35
01/02/2021;1,691.00;2,512.00;2,413.32;1,999.19
29/01/2021;1,682.33;2,492.33;2,401.55;1,979.00
28/01/2021;1,676.67;2,477.33;2,390.45;1,972.00
27/01/2021;1,673.00;2,468.33;2,380.30;1,967.20
26/01/2021;1,681.00;2,506.67;2,408.26;1,982.84
25/01/2021;1,681.67;2,478.67;2,389.59;1,968.79
22/01/2021;1,695.67;2,503.00;2,412.65;1,981.15
21/01/2021;1,702.67;2,522.67;2,430.51;2,002.01
20/01/2021;1,720.67;2,532.00;2,442.33;2,016.76
19/01/2021;1,726.33;2,565.00;2,459.86;2,028.52
18/01/2021;1,712.00;2,532.83;2,430.36;2,013.07
15/01/2021;1,692.00;2,500.67;2,402.04;1,985.88
14/01/2021;1,655.67;2,480.00;2,374.50;1,953.39
13/01/2021;1,660.67;2,462.67;2,363.99;1,944.26
12/01/2021;1,654.33;2,467.67;2,362.87;1,941.93
11/01/2021;1,642.00;2,447.33;2,334.85;1,918.55
08/01/2021;1,649.67;2,469.67;2,356.44;1,922.97
07/01/2021;1,665.33;2,500.67;2,379.76;1,940.46
06/01/2021;1,638.67;2,455.33;2,342.41;1,905.90
05/01/2021;1,655.33;2,484.67;2,370.61;1,928.13
04/01/2021;1,679.33;2,512.33;2,394.80;1,954.03
31/12/2020;1,684.67;2,544.33;2,424.35;1,982.39
30/12/2020;1,683.67;2,534.00;2,412.99;1,965.02
29/12/2020;1,634.00;2,459.33;2,334.66;1,905.67
28/12/2020;1,640.00;2,502.00;2,355.17;1,928.06
24/12/2020;1,646.00;2,537.33;2,385.85;1,958.07
23/12/2020;1,662.00;2,511.33;2,380.05;1,951.76
22/12/2020;1,663.00;2,487.33;2,356.05;1,935.49
21/12/2020;1,678.00;2,510.67;2,377.20;1,943.13
18/12/2020;1,652.33;2,473.67;2,353.03;1,923.36
17/12/2020;1,660.67;2,514.33;2,388.75;1,948.50
16/12/2020;1,652.67;2,474.67;2,354.16;1,934.30
15/12/2020;1,676.00;2,499.67;2,376.94;1,955.04
14/12/2020;1,703.00;2,545.00;2,408.27;1,982.85
11/12/2020;1,731.33;2,575.33;2,431.69;2,007.72
10/12/2020;1,692.33;2,532.33;2,392.46;1,974.37
09/12/2020;1,691.00;2,517.00;2,391.55;1,980.45
08/12/2020;1,710.00;2,551.00;2,419.28;1,997.60
07/12/2020;1,739.00;2,594.67;2,459.81;2,026.52
04/12/2020;1,732.67;2,620.00;2,479.59;2,042.32
03/12/2020;1,737.00;2,617.00;2,481.97;2,042.42
02/12/2020;1,752.33;2,609.00;2,475.45;2,046.70
01/12/2020;1,778.00;2,652.33;2,519.16;2,092.41
30/11/2020;1,799.33;2,688.67;2,546.33;2,131.66
27/11/2020;1,807.33;2,701.33;2,554.35;2,136.71
26/11/2020;1,798.00;2,689.17;2,546.50;2,138.30
25/11/2020;1,766.33;2,677.00;2,521.32;2,117.53
24/11/2020;1,798.00;2,734.00;2,568.24;2,162.85
23/11/2020;1,790.33;2,718.33;2,550.99;2,157.12
20/11/2020;1,778.33;2,702.67;2,534.50;2,137.47
19/11/2020;1,752.67;2,635.33;2,477.76;2,092.22
18/11/2020;1,708.00;2,565.33;2,419.64;2,038.67
17/11/2020;1,675.67;2,501.67;2,361.72;1,991.05
16/11/2020;1,626.67;2,420.33;2,284.54;1,928.72
13/11/2020;1,597.67;2,369.33;2,238.41;1,893.13
12/11/2020;1,601.67;2,343.00;2,225.24;1,883.22
11/11/2020;1,602.00;2,362.67;2,240.06;1,903.93
10/11/2020;1,602.67;2,361.00;2,241.99;1,898.63
09/11/2020;1,628.33;2,381.67;2,261.50;1,914.81
06/11/2020;1,601.00;2,334.67;2,222.07;1,869.54
05/11/2020;1,601.33;2,309.67;2,206.03;1,868.62
04/11/2020;1,596.67;2,281.67;2,181.54;1,859.33
03/11/2020;1,598.33;2,290.67;2,189.40;1,867.45
02/11/2020;1,584.00;2,253.00;2,149.76;1,847.94
30/10/2020;1,607.33;2,298.00;2,191.11;1,880.74
29/10/2020;1,623.00;2,335.33;2,217.02;1,901.20
28/10/2020;1,633.67;2,373.00;2,248.14;1,913.28
27/10/2020;1,674.00;2,449.33;2,320.01;1,961.57
26/10/2020;1,701.67;2,497.33;2,357.73;1,994.87
23/10/2020;1,693.00;2,473.33;2,341.56;1,977.21
22/10/2020;1,683.67;2,463.00;2,334.39;1,974.54
21/10/2020;1,651.33;2,424.00;2,298.16;1,936.32
20/10/2020;1,641.67;2,387.00;2,257.71;1,908.89
19/10/2020;1,663.00;2,418.33;2,291.07;1,943.63
16/10/2020;1,634.33;2,359.33;2,237.28;1,909.41
15/10/2020;1,627.67;2,334.67;2,219.25;1,896.24
14/10/2020;1,631.33;2,382.00;2,253.98;1,917.80
13/10/2020;1,639.67;2,375.00;2,252.01;1,918.04
12/10/2020;1,661.00;2,429.67;2,301.13;1,949.17
09/10/2020;1,675.33;2,423.00;2,302.02;1,947.74
08/10/2020;1,699.33;2,468.67;2,335.29;1,986.98
07/10/2020;1,696.00;2,447.67;2,319.92;1,971.81
06/10/2020;1,686.33;2,423.67;2,304.58;1,956.36
05/10/2020;1,704.33;2,452.33;2,332.36;1,979.36
02/10/2020;1,715.33;2,459.33;2,339.27;1,998.56
01/10/2020;1,745.33;2,491.67;2,371.24;2,019.57
30/09/2020;1,769.00;2,520.67;2,404.12;2,050.60
29/09/2020;1,799.33;2,576.00;2,445.11;2,086.53
28/09/2020;1,812.00;2,573.33;2,452.92;2,103.99
25/09/2020;1,824.33;2,552.67;2,436.65;2,096.62
24/09/2020;1,842.33;2,580.33;2,465.21;2,113.05
23/09/2020;1,823.33;2,571.67;2,449.76;2,098.34
22/09/2020;1,816.00;2,538.00;2,425.75;2,072.68
21/09/2020;1,848.67;2,609.00;2,488.94;2,120.33
18/09/2020;1,826.00;2,634.33;2,500.92;2,109.40
17/09/2020;1,816.67;2,593.33;2,474.73;2,093.25
16/09/2020;1,811.00;2,590.00;2,471.43;2,088.48
15/09/2020;1,852.33;2,661.67;2,523.69;2,129.99
14/09/2020;1,781.33;2,539.00;2,417.52;2,035.92
11/09/2020;1,780.67;2,542.00;2,410.94;1,707.15
10/09/2020;1,763.00;2,525.67;2,396.27;2,017.90
09/09/2020;1,763.00;2,550.33;2,423.63;2,051.72
08/09/2020;1,763.33;2,545.00;2,423.25;2,055.77
07/09/2020;1,766.33;2,569.50;2,448.59;2,071.75
04/09/2020;1,775.33;2,594.00;2,472.89;2,092.19
03/09/2020;1,778.00;2,628.00;2,494.46;2,108.69
02/09/2020;1,788.33;2,684.33;2,533.82;2,141.21
01/09/2020;1,770.33;2,648.67;2,513.11;2,103.60
31/08/2020;1,758.00;2,638.67;2,497.06;2,088.79
28/08/2020;1,745.67;2,332.04;2,467.85;2,073.37
27/08/2020;1,704.33;2,541.33;2,399.06;2,028.89
26/08/2020;1,673.67;2,466.67;2,338.20;1,979.17
25/08/2020;1,695.67;2,476.67;2,353.23;1,991.19
24/08/2020;1,679.00;2,455.67;2,326.95;1,971.51
21/08/2020;1,646.33;2,402.33;2,280.50;1,936.83
20/08/2020;1,643.67;2,400.67;2,284.82;1,926.68
19/08/2020;1,663.33;2,444.33;2,320.47;1,950.12
18/08/2020;1,667.00;2,437.67;2,322.64;1,946.60
17/08/2020;1,677.33;2,433.67;2,316.87;1,952.08
14/08/2020;1,688.33;2,449.00;2,332.05;1,970.93
13/08/2020;1,693.33;2,480.33;2,348.79;1,987.43
12/08/2020;1,696.00;2,458.67;2,336.78;1,981.71
11/08/2020;1,683.33;2,450.67;2,327.03;1,977.86
10/08/2020;1,708.33;2,482.67;2,359.57;1,677.28
07/08/2020;1,711.00;2,528.00;2,380.77;2,021.87
06/08/2020;1,683.67;2,498.67;2,357.02;1,988.38
05/08/2020;1,673.67;2,470.67;2,335.39;1,966.17
04/08/2020;1,670.33;2,443.33;2,314.06;1,964.64
03/08/2020;1,675.33;2,457.00;2,323.08;1,977.06
31/07/2020;1,630.33;2,399.00;2,271.08;1,920.99
30/07/2020;1,609.33;2,344.67;2,222.58;1,884.53
29/07/2020;1,605.33;2,331.00;2,208.12;1,876.35
28/07/2020;1,571.67;2,281.33;2,159.19;1,840.71
27/07/2020;1,567.33;2,275.67;2,149.04;1,828.72
24/07/2020;1,553.00;2,223.33;2,105.90;1,810.12
23/07/2020;1,549.67;2,201.33;2,090.36;1,798.44
22/07/2020;1,550.00;2,202.67;2,089.03;1,803.15
21/07/2020;1,543.33;2,179.00;2,073.18;1,804.08
20/07/2020;1,562.67;2,218.33;2,099.23;1,834.94
17/07/2020;1,556.33;2,167.33;2,061.39;1,802.38
16/07/2020;1,546.00;2,170.00;2,061.61;1,803.29
15/07/2020;1,542.67;2,147.00;2,045.65;1,793.22
14/07/2020;1,564.67;2,162.33;2,063.82;1,809.45
13/07/2020;1,573.67;2,190.67;2,088.47;1,837.96
10/07/2020;1,577.00;2,173.33;2,085.34;1,842.92
09/07/2020;1,561.00;2,154.00;2,062.89;1,825.55
08/07/2020;1,553.33;2,110.67;2,034.09;1,796.00
07/07/2020;1,578.67;2,152.67;2,070.42;1,832.53
06/07/2020;1,585.33;2,160.33;2,070.92;1,831.31
03/07/2020;1,584.00;2,165.83;2,071.17;1,842.00
02/07/2020;1,599.00;2,171.33;2,083.84;1,855.00
01/07/2020;1,587.33;2,163.33;2,072.76;1,841.00
30/06/2020;1,604.67;2,174.67;2,081.06;1,852.00
29/06/2020;1,641.33;2,226.00;2,121.64;1,888.00
26/06/2020;1,648.33;2,252.67;2,143.27;1,911.00
25/06/2020;1,704.67;2,349.33;2,233.09;1,990.00
24/06/2020;1,659.33;2,276.00;2,170.44;1,925.00
23/06/2020;1,645.33;2,261.33;2,162.25;1,910.00
22/06/2020;1,652.00;2,248.33;2,153.28;1,912.00
19/06/2020;1,647.67;2,225.33;2,131.38;1,905.00
18/06/2020;1,655.00;2,243.00;2,150.54;1,918.00
17/06/2020;1,634.33;2,223.33;2,130.19;1,904.00
16/06/2020;1,655.33;2,257.67;2,170.82;1,929.00
15/06/2020;1,653.67;2,254.33;2,165.55;1,921.00
12/06/2020;1,767.00;2,331.33;2,273.80;2,020.00
11/06/2020;1,743.67;2,318.00;2,260.91;1,987.00
10/06/2020;1,772.00;2,411.67;2,337.08;2,058.00
09/06/2020;1,784.67;2,433.00;2,353.60;2,074.00
08/06/2020;1,762.67;2,387.67;2,313.44;2,048.00
05/06/2020;1,777.33;2,386.00;2,320.98;2,057.00
04/06/2020;1,794.67;2,377.67;2,319.97;2,050.00
03/06/2020;1,806.00;2,381.00;2,328.87;2,071.00
02/06/2020;1,798.67;2,387.33;2,321.30;2,079.00
01/06/2020;1,849.67;2,452.67;2,380.39;2,140.00
29/05/2020;1,849.33;2,404.67;2,342.35;2,109.00
28/05/2020;1,848.67;2,384.67;2,332.04;2,108.00
27/05/2020;1,820.00;2,326.00;2,276.48;2,076.00
26/05/2020;1,829.67;2,366.33;2,312.53;2,108.00
22/05/2020;1,863.00;2,347.00;2,311.93;2,122.00
21/05/2020;1,832.00;2,312.00;2,276.54;2,078.00
20/05/2020;1,846.33;2,372.00;2,316.00;2,110.00
19/05/2020;1,859.67;2,390.67;2,334.43;2,134.00
18/05/2020;1,850.33;2,372.33;2,314.82;2,123.00
15/05/2020;1,860.00;2,360.00;2,308.88;2,134.00
14/05/2020;1,851.33;2,377.33;2,318.44;2,147.00
13/05/2020;1,861.00;2,416.67;2,346.57;2,165.00
12/05/2020;1,827.33;2,367.00;2,307.77;2,124.00
11/05/2020;1,866.67;2,432.00;2,367.64;2,189.00
08/05/2020;1,850.50;2,362.33;2,331.16;2,150.00
07/05/2020;1,834.33;2,352.33;2,309.69;2,136.00
06/05/2020;1,815.00;2,337.33;2,291.61;2,119.00
05/05/2020;1,813.67;2,341.67;2,300.43;2,121.00
04/05/2020;1,818.00;2,353.00;2,306.89;2,115.00
01/05/2020;1,801.67;2,374.67;2,313.56;2,107.00
30/04/2020;1,825.67;2,386.00;2,344.45;2,145.00
29/04/2020;1,826.33;2,357.33;2,318.25;2,136.00
28/04/2020;1,802.00;2,331.33;2,287.50;2,110.00
27/04/2020;1,799.00;2,309.67;2,272.96;2,099.00
24/04/2020;1,797.33;2,315.33;2,266.85;2,099.00
23/04/2020;1,808.00;2,348.00;2,292.88;2,120.00
22/04/2020;1,806.33;2,351.33;2,290.22;2,115.00
21/04/2020;1,772.33;2,309.33;2,242.92;2,066.00
20/04/2020;1,773.00;2,340.33;2,276.21;2,094.00
17/04/2020;1,772.33;2,347.67;2,282.56;2,098.00
16/04/2020;1,725.33;2,257.67;2,202.34;2,031.00
15/04/2020;1,704.67;2,228.00;2,182.36;2,000.00
14/04/2020;1,770.00;2,269.33;2,252.20;2,053.00
13/04/2020;1,790.17;2,266.67;2,255.37;2,067.00
09/04/2020;1,810.33;2,305.00;2,280.84;2,087.00
08/04/2020;1,838.00;2,368.67;2,324.77;2,141.00
07/04/2020;1,850.67;2,394.00;2,340.48;2,149.00
06/04/2020;1,838.00;2,361.33;2,312.19;2,139.00
03/04/2020;1,778.33;2,260.00;2,218.47;2,055.00
02/04/2020;1,759.00;2,280.00;2,230.01;2,053.00
01/04/2020;1,737.33;2,245.67;2,201.24;2,013.00
31/03/2020;1,749.33;2,254.33;2,218.36;2,014.00
30/03/2020;1,761.33;2,264.67;2,225.95;2,020.00
27/03/2020;1,769.33;2,268.33;2,181.13;2,011.00
26/03/2020;1,792.33;2,255.00;2,187.93;2,018.00
25/03/2020;1,819.00;2,248.00;2,202.85;2,030.00
24/03/2020;1,825.67;2,263.00;2,208.10;2,046.00
23/03/2020;1,824.33;2,243.67;2,171.28;2,020.00
20/03/2020;1,809.00;2,218.00;2,170.93;2,036.00
19/03/2020;1,794.67;2,217.00;2,154.84;2,020.00
18/03/2020;1,822.00;2,264.67;2,187.50;2,023.00
17/03/2020;1,823.67;2,306.67;2,254.92;2,056.00
16/03/2020;1,806.67;2,337.33;2,277.33;2,041.00
13/03/2020;1,840.67;2,418.00;2,344.65;2,117.00
12/03/2020;1,853.33;2,496.00;2,417.13;2,168.00
11/03/2020;1,899.33;2,611.33;2,527.89;2,243.00
10/03/2020;1,865.33;2,595.33;2,505.10;2,212.00
09/03/2020;1,838.00;2,550.67;2,483.63;2,169.00
06/03/2020;1,870.33;2,575.67;2,506.54;2,215.00
05/03/2020;1,884.67;2,606.67;2,525.54;2,255.00
04/03/2020;1,913.00;2,633.67;2,547.85;2,289.00
03/03/2020;1,930.67;2,664.00;2,573.13;2,303.00
02/03/2020;1,939.67;2,658.33;2,573.80;2,305.00
28/02/2020;1,943.00;2,678.33;2,584.87;2,350.00
27/02/2020;1,973.33;2,747.00;2,649.01;2,414.00
26/02/2020;1,968.33;2,739.33;2,647.02;2,431.00
25/02/2020;1,986.67;2,809.33;2,702.36;2,486.00
24/02/2020;1,995.00;2,816.67;2,703.24;2,490.00
21/02/2020;2,022.67;2,842.00;2,738.51;2,523.00
20/02/2020;2,032.67;2,863.67;2,746.26;2,544.00
19/02/2020;2,017.67;2,850.00;2,736.03;2,535.00
18/02/2020;1,996.67;2,848.33;2,729.49;2,525.00
17/02/2020;2,012.00;2,871.83;2,751.06;2,539.00
14/02/2020;1,993.00;2,895.33;2,752.58;2,540.00
13/02/2020;2,003.67;2,929.33;2,778.37;2,561.00
12/02/2020;2,001.67;2,879.33;2,744.50;2,520.00
11/02/2020;2,026.00;2,901.67;2,767.99;2,536.00
10/02/2020;2,030.67;2,898.00;2,766.34;2,534.00
07/02/2020;2,034.33;2,894.67;2,765.33;2,527.00
06/02/2020;2,018.33;2,867.00;2,744.71;2,500.00
05/02/2020;1,989.00;2,805.33;2,701.48;2,455.00
04/02/2020;1,951.33;2,770.00;2,662.49;2,411.00
03/02/2020;1,953.33;2,752.33;2,652.57;2,398.00
31/01/2020;1,964.67;2,794.67;2,699.56;2,436.00
30/01/2020;1,995.67;2,827.00;2,727.70;2,473.00
29/01/2020;1,957.67;2,748.67;2,654.65;2,413.00
28/01/2020;1,946.33;2,721.33;2,632.45;2,391.00
27/01/2020;1,957.00;2,763.33;2,666.29;2,419.00
24/01/2020;1,951.00;2,755.00;2,659.36;2,412.00
23/01/2020;1,964.33;2,786.67;2,687.24;2,434.00
22/01/2020;1,992.67;2,817.33;2,724.47;2,458.00
21/01/2020;2,022.67;2,825.00;2,739.57;2,469.00
20/01/2020;1,998.33;2,820.33;2,716.43;2,451.00
17/01/2020;1,999.33;2,815.67;2,717.75;2,450.00
16/01/2020;1,946.67;2,734.33;2,646.61;2,377.00
15/01/2020;1,956.00;2,710.67;2,636.71;2,363.00
14/01/2020;1,937.67;2,663.33;2,599.68;2,336.00
13/01/2020;1,883.00;2,599.67;2,529.24;2,270.00
10/01/2020;1,867.33;2,602.67;2,527.10;2,273.00
09/01/2020;1,832.00;2,566.67;2,486.18;2,239.00
08/01/2020;1,794.67;2,509.33;2,436.50;2,192.00
07/01/2020;1,803.00;2,539.00;2,458.80;2,208.00
06/01/2020;1,772.67;2,492.67;2,418.64;2,162.00
03/01/2020;1,802.00;2,527.67;2,449.55;2,192.00
02/01/2020;1,804.00;2,526.33;2,453.13;2,197.00
31/12/2019;1,787.33;2,538.33;2,457.47;2,191.00
30/12/2019;1,770.33;2,467.67;2,402.65;2,142.00
27/12/2019;1,787.67;2,493.00;2,422.43;2,168.00
26/12/2019;1,767.33;2,410.67;2,360.64;2,126.00
24/12/2019;1,747.00;2,435.33;2,355.31;2,125.00
23/12/2019;1,754.00;2,424.67;2,351.12;2,120.00
20/12/2019;1,737.33;2,422.33;2,349.64;2,122.00
19/12/2019;1,746.00;2,448.33;2,368.23;2,128.00
18/12/2019;1,772.67;2,509.67;2,419.92;2,178.00
17/12/2019;1,778.00;2,546.33;2,445.36;2,194.00
16/12/2019;1,765.33;2,559.00;2,462.36;2,210.00
13/12/2019;1,789.00;2,583.67;2,492.66;2,239.00
12/12/2019;1,784.00;2,543.00;2,449.21;2,204.00
11/12/2019;1,804.67;2,576.00;2,483.41;2,239.00
10/12/2019;1,817.67;2,597.33;2,502.69;2,257.00
09/12/2019;1,831.67;2,605.67;2,513.66;2,273.00
06/12/2019;1,849.67;2,616.00;2,528.04;2,287.00
05/12/2019;1,834.00;2,600.33;2,512.85;2,264.00
04/12/2019;1,834.00;2,565.33;2,489.62;2,248.00
03/12/2019;1,845.33;2,579.00;2,495.56;2,250.00
02/12/2019;1,842.67;2,555.33;2,476.00;2,235.00
29/11/2019;1,859.33;2,582.00;2,500.50;2,269.00
28/11/2019;1,879.00;2,595.00;2,516.83;2,287.00
27/11/2019;1,879.33;2,608.00;2,521.01;2,292.00
26/11/2019;1,914.33;2,662.33;2,567.59;2,331.00
25/11/2019;1,888.33;2,616.00;2,531.07;2,299.00
22/11/2019;1,892.67;2,629.33;2,535.20;2,299.00
21/11/2019;1,894.67;2,652.33;2,555.33;2,311.00
20/11/2019;1,893.33;2,643.33;2,551.05;2,306.00
19/11/2019;1,903.00;2,661.67;2,567.45;2,318.00
18/11/2019;1,902.00;2,673.33;2,575.82;2,325.00
15/11/2019;1,914.00;2,686.00;2,583.85;2,339.00
14/11/2019;1,968.67;2,701.33;2,625.43;2,383.00
13/11/2019;1,973.33;2,672.00;2,609.49;2,372.00
12/11/2019;1,951.00;2,624.00;2,572.74;2,335.00
11/11/2019;1,875.33;2,521.00;2,472.53;2,240.00
08/11/2019;1,874.00;2,507.00;2,458.20;2,231.00
07/11/2019;1,835.00;2,450.00;2,407.93;2,181.00
06/11/2019;1,836.33;2,468.67;2,422.62;2,187.00
05/11/2019;1,845.33;2,503.33;2,445.14;2,209.00
04/11/2019;1,851.33;2,496.33;2,449.22;2,197.00
01/11/2019;1,848.00;2,485.00;2,443.93;2,188.00
31/10/2019;1,821.67;2,435.33;2,402.66;2,155.00
30/10/2019;1,852.67;2,488.33;2,442.93;2,197.00
29/10/2019;1,866.00;2,512.00;2,464.42;2,218.00
28/10/2019;1,869.00;2,495.33;2,455.98;2,213.00
25/10/2019;1,864.67;2,470.00;2,437.85;2,200.00
24/10/2019;1,873.33;2,493.33;2,453.23;2,211.00
23/10/2019;1,851.33;2,483.33;2,441.52;2,196.00
22/10/2019;1,837.67;2,478.67;2,435.52;2,186.00
21/10/2019;1,845.00;2,494.67;2,451.24;2,200.00
18/10/2019;1,862.67;2,500.00;2,457.33;2,202.00
17/10/2019;1,871.00;2,511.00;2,463.79;2,214.00
16/10/2019;1,882.00;2,524.00;2,478.10;2,238.00
15/10/2019;1,894.00;2,531.00;2,477.90;2,245.00
14/10/2019;1,867.33;2,467.00;2,415.90;2,191.00
11/10/2019;1,895.00;2,510.33;2,463.70;2,231.00
10/10/2019;1,903.00;2,469.67;2,417.88;2,195.00
09/10/2019;1,884.67;2,418.00;2,367.17;2,156.00
08/10/2019;1,902.00;2,460.33;2,397.90;2,190.00
07/10/2019;1,884.00;2,441.33;2,388.28;2,174.00
04/10/2019;1,913.00;2,488.00;2,428.34;2,213.00
03/10/2019;1,921.00;2,527.00;2,460.91;2,239.00
02/10/2019;1,897.67;2,486.67;2,419.08;2,209.00
01/10/2019;1,883.67;2,458.00;2,389.62;2,186.00
30/09/2019;1,878.00;2,460.33;2,393.12;2,193.00
27/09/2019;1,892.00;2,483.67;2,414.45;2,207.00
26/09/2019;1,897.33;2,502.33;2,430.22;2,222.00
25/09/2019;1,878.67;2,480.33;2,409.35;2,200.00
24/09/2019;1,842.67;2,451.67;2,382.75;2,167.00
23/09/2019;1,856.00;2,464.00;2,392.23;2,177.00
20/09/2019;1,850.33;2,478.67;2,401.76;2,183.00
19/09/2019;1,848.00;2,468.00;2,394.68;2,168.00
18/09/2019;1,817.00;2,406.67;2,344.45;2,119.00
17/09/2019;1,800.67;2,401.33;2,332.88;2,108.00
16/09/2019;1,792.00;2,374.67;2,308.10;2,096.00
13/09/2019;1,764.00;2,332.00;2,272.47;2,052.00
12/09/2019;1,757.00;2,315.67;2,250.38;2,032.00
11/09/2019;1,750.67;2,306.33;2,239.67;2,036.00
10/09/2019;1,737.67;2,293.00;2,227.07;2,017.00
09/09/2019;1,746.00;2,302.00;2,238.41;2,024.00
06/09/2019;1,742.67;2,272.00;2,215.32;2,006.00
05/09/2019;1,725.00;2,238.33;2,190.31;1,984.00
04/09/2019;1,751.00;2,275.00;2,211.91;2,006.00
03/09/2019;1,740.33;2,245.33;2,181.62;1,990.00
02/09/2019;1,716.67;2,236.83;2,161.33;1,970.00
30/08/2019;1,714.00;2,228.33;2,164.76;1,970.00
29/08/2019;1,694.33;2,199.33;2,140.45;1,936.00
28/08/2019;1,722.33;2,257.00;2,190.36;1,976.00
27/08/2019;1,724.33;2,260.00;2,196.41;1,980.00
26/08/2019;1,724.33;2,249.33;2,186.64;1,968.00
23/08/2019;1,724.33;2,243.67;2,185.27;1,962.00
22/08/2019;1,727.33;2,238.67;2,184.28;1,970.00
21/08/2019;1,730.00;2,215.33;2,165.26;1,951.00
20/08/2019;1,711.33;2,186.67;2,139.90;1,930.00
19/08/2019;1,729.33;2,208.67;2,161.43;1,948.00
16/08/2019;1,728.33;2,212.00;2,163.13;1,951.00
15/08/2019;1,737.00;2,218.00;2,167.79;1,952.00
14/08/2019;1,716.67;2,203.00;2,144.59;1,924.00
13/08/2019;1,729.33;2,194.33;2,147.39;1,920.00
12/08/2019;1,760.33;2,240.00;2,189.75;1,952.00
09/08/2019;1,767.33;2,237.67;2,194.12;1,956.00
08/08/2019;1,766.00;2,239.00;2,198.79;1,962.00
07/08/2019;1,773.33;2,264.33;2,217.93;1,974.00
06/08/2019;1,794.67;2,291.67;2,243.63;2,004.00
05/08/2019;1,819.67;2,336.33;2,282.89;2,040.00
02/08/2019;1,849.00;2,344.33;2,302.18;2,072.00
01/08/2019;1,851.33;2,366.00;2,316.39;2,094.00
31/07/2019;1,853.67;2,378.33;2,330.52;2,094.00
30/07/2019;1,872.33;2,408.00;2,350.99;2,109.00
29/07/2019;1,865.67;2,418.33;2,360.00;2,118.00
26/07/2019;1,853.33;2,431.67;2,373.29;2,134.00
25/07/2019;1,866.67;2,480.33;2,414.44;2,163.00
24/07/2019;1,868.67;2,499.00;2,426.62;2,178.00
23/07/2019;1,878.67;2,507.00;2,432.03;2,180.00
22/07/2019;1,890.00;2,546.67;2,461.48;2,195.00
19/07/2019;1,861.67;2,493.33;2,419.56;2,156.00
18/07/2019;1,857.67;2,461.67;2,400.33;2,138.00
17/07/2019;1,859.00;2,448.67;2,389.51;2,128.00
16/07/2019;1,860.00;2,457.33;2,391.96;2,133.00
15/07/2019;1,847.00;2,450.67;2,390.98;2,123.00
12/07/2019;1,892.33;2,525.33;2,459.66;2,185.00
11/07/2019;1,875.33;2,524.67;2,448.06;2,175.00
10/07/2019;1,892.33;2,538.00;2,461.60;2,186.00
09/07/2019;1,907.67;2,546.00;2,471.44;2,205.00
08/07/2019;1,932.00;2,588.33;2,511.62;2,240.00
05/07/2019;1,855.67;2,482.67;2,411.15;2,150.00
04/07/2019;1,861.33;2,474.67;2,417.33;2,142.00
03/07/2019;1,829.33;2,466.67;2,391.80;2,121.00
02/07/2019;1,849.33;2,499.67;2,423.93;2,145.00
01/07/2019;1,857.33;2,517.67;2,441.91;2,160.00
28/06/2019;1,821.67;2,452.67;2,391.52;2,103.00
27/06/2019;1,838.67;2,477.67;2,412.82;2,122.00
26/06/2019;1,843.33;2,484.67;2,420.55;2,126.00
25/06/2019;1,835.00;2,492.33;2,421.16;2,127.00
24/06/2019;1,843.33;2,505.00;2,433.89;2,137.00
21/06/2019;1,852.67;2,517.33;2,443.49;2,157.00
20/06/2019;1,821.33;2,467.00;2,397.83;2,126.00
19/06/2019;1,858.00;2,527.33;2,445.82;2,180.00
18/06/2019;1,854.00;2,506.00;2,424.31;2,166.00
17/06/2019;1,844.67;2,494.67;2,414.59;2,150.00
14/06/2019;1,844.00;2,507.00;2,423.38;2,161.00
13/06/2019;1,848.67;2,521.67;2,441.44;2,166.00
12/06/2019;1,864.33;2,558.67;2,471.06;2,185.00
11/06/2019;1,848.33;2,537.33;2,453.17;2,168.00
10/06/2019;1,841.33;2,518.67;2,436.08;2,154.00
07/06/2019;1,807.67;2,467.00;2,394.07;2,114.00
06/06/2019;1,794.00;2,429.67;2,364.38;2,093.00
05/06/2019;1,788.00;2,406.33;2,348.25;2,089.00
04/06/2019;1,775.33;2,369.00;2,319.34;2,063.00
03/06/2019;1,759.67;2,356.33;2,297.45;2,050.00
31/05/2019;1,787.67;2,407.33;2,341.47;2,099.00
30/05/2019;1,797.33;2,441.33;2,364.44;2,123.00
29/05/2019;1,789.33;2,442.00;2,360.81;2,120.00
28/05/2019;1,789.00;2,450.00;2,367.95;2,120.00
24/05/2019;1,788.00;2,459.33;2,374.88;2,121.00
23/05/2019;1,773.33;2,428.00;2,347.56;2,100.00
22/05/2019;1,762.33;2,415.67;2,335.29;2,093.00
21/05/2019;1,770.33;2,437.00;2,356.78;2,111.00
20/05/2019;1,744.33;2,384.67;2,311.45;2,069.00
17/05/2019;1,727.00;2,351.33;2,283.88;2,046.00
16/05/2019;1,736.00;2,368.00;2,304.94;2,062.00
15/05/2019;1,694.67;2,319.33;2,260.23;2,017.00
14/05/2019;1,677.67;2,296.00;2,241.38;2,000.00
13/05/2019;1,693.33;2,293.33;2,253.01;2,006.00
10/05/2019;1,698.33;2,314.33;2,273.48;2,022.00
09/05/2019;1,706.67;2,337.33;2,288.84;2,039.00
08/05/2019;1,704.00;2,313.33;2,275.90;2,030.00
07/05/2019;1,711.33;2,310.00;2,282.08;2,040.00
06/05/2019;1,722.00;2,352.33;2,313.81;2,066.00
03/05/2019;1,732.67;2,378.67;2,337.88;2,090.00
02/05/2019;1,753.67;2,383.00;2,344.19;2,096.00
01/05/2019;1,736.33;2,329.33;2,311.43;2,055.00
30/04/2019;1,760.67;2,363.67;2,339.12;2,088.00
29/04/2019;1,763.33;2,386.67;2,343.03;2,098.00
26/04/2019;1,739.33;2,336.00;2,302.57;2,064.00
25/04/2019;1,717.67;2,288.67;2,262.06;2,031.00
24/04/2019;1,689.67;2,262.00;2,234.73;1,996.00
23/04/2019;1,715.67;2,307.67;2,273.82;2,028.00
22/04/2019;1,729.00;2,351.33;2,308.08;2,050.00
18/04/2019;1,742.33;2,392.33;2,339.01;2,081.00
17/04/2019;1,759.33;2,407.67;2,360.86;2,090.00
16/04/2019;1,719.67;2,358.00;2,311.01;2,047.00
15/04/2019;1,729.33;2,403.67;2,344.71;2,074.00
12/04/2019;1,779.00;2,418.67;2,383.61;2,108.00
11/04/2019;1,757.67;2,385.67;2,351.36;2,087.00
10/04/2019;1,767.67;2,432.67;2,384.36;2,116.00
09/04/2019;1,761.33;2,428.33;2,373.43;2,104.00
08/04/2019;1,754.67;2,419.00;2,364.16;2,099.00
05/04/2019;1,760.33;2,414.33;2,362.78;2,106.00
04/04/2019;1,757.33;2,409.67;2,363.93;2,107.00
03/04/2019;1,735.67;2,375.00;2,340.33;2,083.00
02/04/2019;1,731.00;2,359.33;2,317.54;2,072.00
01/04/2019;1,711.00;2,318.67;2,293.26;2,045.00
29/03/2019;1,695.33;2,274.00;2,249.69;2,004.00
28/03/2019;1,681.33;2,252.00;2,232.91;1,990.00
27/03/2019;1,662.67;2,247.00;2,233.33;1,983.00
26/03/2019;1,656.33;2,235.33;2,222.48;1,968.00
25/03/2019;1,648.33;2,227.67;2,209.89;1,953.00
22/03/2019;1,606.67;2,166.00;2,152.52;1,907.00
21/03/2019;1,606.33;2,146.67;2,131.14;1,878.00
20/03/2019;1,602.00;2,160.00;2,147.01;1,891.00
19/03/2019;1,631.67;2,214.67;2,200.06;1,939.00
18/03/2019;1,637.67;2,203.00;2,194.15;1,937.00
15/03/2019;1,635.00;2,215.67;2,203.98;1,948.00
14/03/2019;1,657.00;2,227.33;2,222.08;1,966.00
13/03/2019;1,658.67;2,227.67;2,219.17;1,963.00
12/03/2019;1,667.67;2,227.33;2,214.29;1,961.00
11/03/2019;1,653.00;2,215.33;2,202.49;1,961.00
08/03/2019;1,657.00;2,218.67;2,197.53;1,955.00
07/03/2019;1,640.67;2,197.33;2,183.02;1,946.00
06/03/2019;1,680.33;2,259.67;2,244.02;1,983.00
05/03/2019;1,625.33;2,176.00;2,165.43;1,917.00
04/03/2019;1,618.33;2,174.67;2,163.93;1,910.00
01/03/2019;1,652.67;2,236.67;2,221.08;1,952.00
28/02/2019;1,663.33;2,268.67;2,248.39;1,976.00
27/02/2019;1,694.67;2,329.00;2,303.10;2,026.00
26/02/2019;1,687.00;2,303.00;2,279.39;2,004.00
25/02/2019;1,695.33;2,276.00;2,255.01;1,987.00
22/02/2019;1,719.00;2,308.00;2,286.86;2,017.00
21/02/2019;1,711.67;2,294.67;2,274.72;2,007.00
20/02/2019;1,729.67;2,330.00;2,306.28;2,029.00
19/02/2019;1,741.67;2,368.00;2,329.36;2,055.00
18/02/2019;1,750.00;2,357.50;2,319.66;2,051.00
15/02/2019;1,744.00;2,347.00;2,304.83;2,045.00
14/02/2019;1,714.67;2,265.00;2,239.27;1,985.00
13/02/2019;1,712.00;2,278.33;2,250.43;1,994.00
12/02/2019;1,704.33;2,254.33;2,235.71;1,976.00
11/02/2019;1,704.67;2,247.00;2,229.70;1,977.00
08/02/2019;1,672.33;2,226.00;2,204.32;1,946.00
07/02/2019;1,678.33;2,246.33;2,221.64;1,956.00
06/02/2019;1,692.67;2,277.67;2,245.12;1,973.00
05/02/2019;1,663.67;2,248.00;2,210.50;1,938.00
04/02/2019;1,639.67;2,249.33;2,205.41;1,929.00
01/02/2019;1,605.33;2,212.00;2,166.36;1,888.00
31/01/2019;1,586.67;2,199.33;2,151.23;1,878.00
30/01/2019;1,595.67;2,204.67;2,154.16;1,887.00
29/01/2019;1,604.33;2,244.67;2,186.69;1,914.00
28/01/2019;1,620.67;2,280.00;2,215.88;1,937.00
25/01/2019;1,617.33;2,253.33;2,201.22;1,929.00
24/01/2019;1,645.00;2,283.33;2,223.05;1,963.00
23/01/2019;1,635.00;2,276.00;2,216.32;1,946.00
22/01/2019;1,647.33;2,273.67;2,213.45;1,949.00
21/01/2019;1,681.33;2,304.67;2,246.25;1,976.00
18/01/2019;1,687.33;2,335.67;2,265.57;1,994.00
17/01/2019;1,698.67;2,370.00;2,293.34;2,015.00
16/01/2019;1,702.33;2,348.33;2,278.56;1,998.00
15/01/2019;1,686.33;2,300.00;2,235.49;1,963.00
14/01/2019;1,702.67;2,368.67;2,289.41;1,995.00
11/01/2019;1,721.33;2,391.00;2,309.59;2,012.00
10/01/2019;1,732.33;2,399.00;2,314.95;2,010.00
09/01/2019;1,732.00;2,390.00;2,309.76;2,004.00
08/01/2019;1,753.67;2,410.00;2,330.72;2,037.00
07/01/2019;1,767.67;2,433.00;2,354.57;2,053.00
04/01/2019;1,744.33;2,389.00;2,315.36;2,028.00
03/01/2019;1,778.67;2,425.00;2,345.64;2,057.00
02/01/2019;1,780.33;2,422.00;2,342.18;2,062.00
31/12/2018;1,779.33;2,440.67;2,365.33;2,065.00
28/12/2018;1,777.00;2,417.67;2,346.69;2,051.00
27/12/2018;1,765.00;2,388.00;2,318.26;2,033.00
26/12/2018;1,740.33;2,451.67;2,338.52;2,050.00
24/12/2018;1,715.67;2,333.67;2,269.19;1,987.00
21/12/2018;1,697.67;2,289.67;2,231.17;1,957.00
20/12/2018;1,699.00;2,287.00;2,228.48;1,949.00
19/12/2018;1,720.00;2,325.67;2,262.47;1,980.00
18/12/2018;1,696.33;2,302.67;2,233.51;1,965.00
17/12/2018;1,670.00;2,243.33;2,183.20;1,925.00
14/12/2018;1,678.33;2,250.00;2,189.57;1,938.00
13/12/2018;1,686.67;2,249.33;2,200.17;1,937.00
12/12/2018;1,629.67;2,179.67;2,130.95;1,876.00
11/12/2018;1,609.00;2,123.67;2,078.92;1,837.00
10/12/2018;1,652.00;2,212.00;2,151.88;1,894.00
07/12/2018;1,644.00;2,243.33;2,178.88;1,913.00
06/12/2018;1,583.67;2,148.00;2,095.11;1,842.00
05/12/2018;1,582.00;2,123.00;2,079.48;1,832.00
04/12/2018;1,620.00;2,192.67;2,136.45;1,882.00
03/12/2018;1,626.67;2,210.00;2,149.89;1,894.00
30/11/2018;1,627.67;2,211.67;2,154.66;1,903.00
29/11/2018;1,611.33;2,183.67;2,132.11;1,873.00
28/11/2018;1,599.00;2,135.67;2,096.95;1,858.00
27/11/2018;1,608.67;2,152.33;2,109.65;1,870.00
26/11/2018;1,583.00;2,132.33;2,089.81;1,843.00
23/11/2018;1,589.33;2,137.00;2,095.57;1,849.00
22/11/2018;1,605.00;2,145.00;2,115.51;1,855.00
21/11/2018;1,611.67;2,153.00;2,116.35;1,856.00
20/11/2018;1,625.67;2,201.33;2,151.74;1,889.00
19/11/2018;1,639.67;2,216.00;2,171.37;1,896.00
16/11/2018;1,648.67;2,249.67;2,192.96;1,923.00
15/11/2018;1,645.00;2,221.67;2,169.39;1,916.00
14/11/2018;1,610.00;2,200.00;2,157.93;1,908.00
13/11/2018;1,626.33;2,241.33;2,190.27;1,940.00
12/11/2018;1,641.67;2,241.67;2,186.52;1,943.00
09/11/2018;1,664.33;2,273.67;2,227.39;1,965.00
08/11/2018;1,668.67;2,302.67;2,255.78;1,976.00
07/11/2018;1,717.00;2,396.00;2,337.36;2,039.00
06/11/2018;1,717.33;2,381.00;2,323.68;2,037.00
05/11/2018;1,705.33;2,325.67;2,283.37;2,003.00
02/11/2018;1,697.33;2,294.00;2,257.52;1,983.00
01/11/2018;1,695.67;2,284.33;2,254.91;1,977.00
31/10/2018;1,705.33;2,248.00;2,221.55;1,963.00
30/10/2018;1,710.67;2,229.00;2,211.89;1,947.00
29/10/2018;1,680.00;2,208.67;2,189.82;1,924.00
26/10/2018;1,707.67;2,261.33;2,235.95;1,963.00
25/10/2018;1,679.33;2,219.00;2,196.53;1,931.00
24/10/2018;1,626.67;2,163.67;2,140.59;1,879.00
23/10/2018;1,646.00;2,209.00;2,182.88;1,901.00
22/10/2018;1,656.67;2,233.67;2,202.12;1,920.00
19/10/2018;1,624.00;2,175.00;2,156.99;1,875.00
18/10/2018;1,599.00;2,161.67;2,135.33;1,858.00
17/10/2018;1,631.33;2,228.00;2,195.86;1,903.00
16/10/2018;1,607.00;2,202.33;2,172.55;1,875.00
15/10/2018;1,588.67;2,150.33;2,130.64;1,838.00
12/10/2018;1,612.33;2,167.67;2,154.34;1,863.00
11/10/2018;1,572.33;2,118.33;2,105.83;1,821.00
10/10/2018;1,564.33;2,115.00;2,099.31;1,820.00
09/10/2018;1,587.33;2,145.00;2,125.06;1,850.00
08/10/2018;1,567.00;2,116.33;2,090.62;1,822.00
05/10/2018;1,541.33;2,057.00;2,047.21;1,778.00
04/10/2018;1,529.00;2,030.67;2,019.85;1,755.00
03/10/2018;1,520.33;2,036.67;2,014.80;1,748.00
02/10/2018;1,557.33;2,097.00;2,068.75;1,790.00
01/10/2018;1,487.67;2,020.67;1,988.14;1,719.00
28/09/2018;1,523.00;2,087.33;2,046.49;1,760.00
27/09/2018;1,554.33;2,141.67;2,098.36;1,798.00
26/09/2018;1,568.00;2,183.00;2,133.48;1,815.00
25/09/2018;1,588.33;2,210.67;2,159.15;1,834.00
24/09/2018;1,618.00;2,249.33;2,196.11;1,866.00
21/09/2018;1,593.33;2,182.00;2,141.84;1,824.00
20/09/2018;1,591.00;2,223.00;2,173.97;1,851.00
19/09/2018;1,591.67;2,207.33;2,160.49;1,849.00
18/09/2018;1,616.33;2,260.00;2,202.32;1,884.00
17/09/2018;1,608.33;2,251.67;2,192.28;1,876.00
14/09/2018;1,606.67;2,232.67;2,176.97;1,867.00
13/09/2018;1,649.33;2,319.00;2,249.46;1,927.00
12/09/2018;1,664.00;2,328.67;2,257.54;1,942.00
11/09/2018;1,652.67;2,299.33;2,233.40;1,928.00
10/09/2018;1,658.00;2,313.33;2,246.06;1,935.00
07/09/2018;1,651.67;2,273.00;2,214.13;1,913.00
06/09/2018;1,664.00;2,295.33;2,233.09;1,923.00
05/09/2018;1,686.33;2,316.00;2,254.50;1,941.00
04/09/2018;1,703.33;2,338.00;2,271.35;1,964.00
03/09/2018;1,679.33;2,340.50;2,260.77;1,946.00
31/08/2018;1,697.00;2,343.00;2,281.30;1,966.00
30/08/2018;1,669.67;2,290.33;2,239.26;1,923.00
29/08/2018;1,706.67;2,359.67;2,299.07;1,965.00
28/08/2018;1,711.67;2,332.00;2,278.75;1,945.00
27/08/2018;1,722.83;2,350.67;2,294.70;1,966.00
24/08/2018;1,734.00;2,370.00;2,308.50;1,987.00
23/08/2018;1,718.33;2,347.33;2,285.43;1,975.00
22/08/2018;1,695.33;2,318.33;2,262.70;1,952.00
21/08/2018;1,663.00;2,266.33;2,211.54;1,918.00
20/08/2018;1,638.67;2,203.67;2,156.93;1,886.00
17/08/2018;1,616.00;2,161.33;2,118.42;1,856.00
16/08/2018;1,618.67;2,170.33;2,123.46;1,865.00
15/08/2018;1,612.67;2,156.00;2,109.66;1,862.00
14/08/2018;1,579.00;2,132.67;2,080.84;1,833.00
13/08/2018;1,584.33;2,133.00;2,086.18;1,829.00
10/08/2018;1,590.33;2,116.33;2,082.42;1,825.00
09/08/2018;1,586.00;2,119.33;2,088.82;1,806.00
08/08/2018;1,597.00;2,146.00;2,110.45;1,820.00
07/08/2018;1,585.67;2,136.67;2,104.80;1,815.00
06/08/2018;1,615.00;2,162.00;2,135.31;1,847.00
03/08/2018;1,572.67;2,099.00;2,081.92;1,795.00
02/08/2018;1,585.00;2,126.00;2,105.06;1,813.00
01/08/2018;1,572.67;2,121.67;2,101.51;1,801.00
31/07/2018;1,632.67;2,199.00;2,179.75;1,862.00
30/07/2018;1,669.00;2,266.33;2,239.25;1,911.00
27/07/2018;1,669.33;2,262.33;2,235.64;1,918.00
26/07/2018;1,712.33;2,331.33;2,299.10;1,973.00
25/07/2018;1,668.33;2,278.00;2,245.27;1,923.00
24/07/2018;1,673.67;2,278.33;2,248.26;1,923.00
23/07/2018;1,694.67;2,321.67;2,281.14;1,948.00
20/07/2018;1,715.67;2,346.00;2,306.67;1,970.00
19/07/2018;1,710.00;2,316.33;2,277.92;1,963.00
18/07/2018;1,722.67;2,360.33;2,313.38;1,988.00
17/07/2018;1,747.33;2,419.67;2,369.76;2,029.00
16/07/2018;1,765.33;2,417.33;2,386.23;2,039.00
13/07/2018;1,818.33;2,523.33;2,473.27;2,119.00
12/07/2018;1,798.00;2,488.33;2,443.97;2,090.00
11/07/2018;1,799.67;2,486.67;2,444.57;2,086.00
10/07/2018;1,809.00;2,515.33;2,468.11;2,104.00
09/07/2018;1,781.00;2,466.00;2,421.59;2,062.00
06/07/2018;1,787.33;2,481.33;2,435.77;2,076.00
05/07/2018;1,808.67;2,492.00;2,451.11;2,096.00
04/07/2018;1,798.67;2,479.50;2,438.43;2,095.00
03/07/2018;1,797.00;2,467.00;2,427.61;2,083.00
02/07/2018;1,831.33;2,511.33;2,468.24;2,126.00
29/06/2018;1,827.00;2,521.33;2,476.76;2,122.00
28/06/2018;1,811.33;2,464.67;2,428.27;2,098.00
27/06/2018;1,768.67;2,397.67;2,369.74;2,046.00
26/06/2018;1,811.33;2,490.33;2,454.64;2,103.00
25/06/2018;1,816.33;2,508.00;2,469.44;2,111.00
22/06/2018;1,814.00;2,533.33;2,480.28;2,132.00
21/06/2018;1,822.33;2,531.67;2,483.06;2,140.00
20/06/2018;1,843.67;2,570.00;2,512.88;2,169.00
19/06/2018;1,785.33;2,469.33;2,421.33;2,091.00
18/06/2018;1,780.33;2,487.33;2,432.84;2,096.00
15/06/2018;1,806.00;2,528.33;2,474.50;2,129.00
14/06/2018;1,738.33;2,438.67;2,387.75;2,053.00
13/06/2018;1,695.67;2,393.33;2,340.90;1,986.00
12/06/2018;1,738.00;2,429.67;2,390.29;2,027.00
11/06/2018;1,726.00;2,403.33;2,366.67;2,005.00
08/06/2018;1,737.33;2,410.67;2,379.60;2,023.00
07/06/2018;1,669.00;2,320.33;2,291.37;1,937.00
06/06/2018;1,695.00;2,345.00;2,319.97;1,971.00
05/06/2018;1,696.67;2,346.00;2,316.00;1,984.00
04/06/2018;1,741.67;2,395.00;2,366.64;2,024.00
01/06/2018;1,803.67;2,495.33;2,463.02;2,110.00
31/05/2018;1,810.67;2,499.67;2,463.66;2,110.00
30/05/2018;1,856.67;2,572.33;2,530.27;2,171.00
29/05/2018;1,848.67;2,539.33;2,505.87;2,169.00
25/05/2018;1,875.00;2,597.00;2,558.55;2,193.00
24/05/2018;1,888.00;2,639.67;2,593.81;2,212.00
23/05/2018;1,903.00;2,654.33;2,608.50;2,229.00
22/05/2018;1,877.00;2,629.33;2,587.46;2,196.00
21/05/2018;1,885.33;2,652.67;2,602.00;2,212.00
18/05/2018;1,906.00;2,687.33;2,638.70;2,242.00
17/05/2018;1,879.67;2,656.67;2,608.62;2,213.00
16/05/2018;1,922.00;2,751.33;2,682.58;2,276.00
15/05/2018;1,898.67;2,688.33;2,637.87;2,224.00
14/05/2018;1,954.00;2,792.00;2,735.52;2,285.00
11/05/2018;1,973.67;2,819.00;2,757.91;2,309.00
10/05/2018;1,958.00;2,774.00;2,719.47;2,286.00
09/05/2018;1,951.00;2,785.33;2,727.93;2,301.00
08/05/2018;1,960.00;2,789.33;2,731.04;2,303.00
07/05/2018;1,959.67;2,868.67;2,775.24;2,328.00
04/05/2018;1,959.33;2,794.00;2,734.00;2,290.00
03/05/2018;1,963.33;2,847.33;2,767.13;2,313.00
02/05/2018;1,953.00;2,825.67;2,752.98;2,299.00
01/05/2018;1,965.67;2,898.67;2,799.50;2,333.00
30/04/2018;1,924.00;2,822.33;2,746.23;2,275.00
27/04/2018;1,911.67;2,823.33;2,741.37;2,264.00
26/04/2018;1,898.33;2,796.67;2,730.92;2,255.00
25/04/2018;1,883.67;2,841.33;2,745.07;2,255.00
24/04/2018;1,880.33;2,821.00;2,735.19;2,237.00
23/04/2018;1,843.33;2,744.67;2,669.03;2,185.00
20/04/2018;1,840.67;2,743.33;2,673.94;2,177.00
19/04/2018;1,883.33;2,810.67;2,751.73;2,232.00
18/04/2018;1,879.67;2,812.33;2,753.51;2,225.00
17/04/2018;1,828.00;2,714.33;2,674.61;2,167.00
16/04/2018;1,829.00;2,723.67;2,682.65;2,169.00
13/04/2018;1,758.00;2,572.67;2,549.32;2,069.00
12/04/2018;1,753.67;2,560.33;2,538.90;2,061.00
11/04/2018;1,766.33;2,581.00;2,555.02;2,063.00
10/04/2018;1,734.67;2,530.67;2,503.06;2,029.00
09/04/2018;1,749.00;2,542.00;2,516.64;2,043.00
06/04/2018;1,713.33;2,490.33;2,462.02;2,006.00
05/04/2018;1,757.00;2,531.33;2,503.56;2,048.00
04/04/2018;1,751.67;2,521.33;2,503.87;2,037.00
03/04/2018;1,758.00;2,525.33;2,508.78;2,046.00
02/04/2018;1,766.00;2,650.67;2,574.03;2,094.00
29/03/2018;1,774.00;2,573.00;2,540.41;2,068.00
28/03/2018;1,814.00;2,612.33;2,595.92;2,102.00
27/03/2018;1,785.00;2,586.67;2,566.84;2,069.00
26/03/2018;1,832.67;2,653.33;2,641.33;2,123.00
23/03/2018;1,833.33;2,654.33;2,634.29;2,131.00
22/03/2018;1,798.33;2,553.67;2,555.31;2,076.00
21/03/2018;1,786.00;2,554.33;2,542.99;2,074.00
20/03/2018;1,766.33;2,512.00;2,501.57;2,041.00
19/03/2018;1,743.00;2,466.67;2,466.72;2,000.00
16/03/2018;1,800.00;2,548.00;2,538.05;2,065.00
15/03/2018;1,797.67;2,550.00;2,538.22;2,061.00
14/03/2018;1,797.33;2,564.67;2,546.98;2,059.00
13/03/2018;1,779.67;2,552.33;2,531.10;2,040.00
12/03/2018;1,793.00;2,560.00;2,535.37;2,059.00
09/03/2018;1,747.00;2,478.67;2,460.53;1,996.00
08/03/2018;1,776.67;2,504.00;2,489.36;2,022.00
07/03/2018;1,733.00;2,457.00;2,441.34;1,970.00
06/03/2018;1,734.33;2,453.67;2,440.65;1,966.00
05/03/2018;1,717.33;2,460.67;2,429.98;1,970.00
02/03/2018;1,653.33;2,346.00;2,320.70;1,884.00
01/03/2018;1,624.67;2,279.00;2,265.31;1,854.00
28/02/2018;1,596.33;2,239.33;2,229.72;1,825.00
27/02/2018;1,589.33;2,244.00;2,235.88;1,826.00
26/02/2018;1,578.33;2,230.33;2,225.37;1,808.00
23/02/2018;1,562.67;2,218.00;2,209.04;1,797.00
22/02/2018;1,541.67;2,176.00;2,170.87;1,761.00
21/02/2018;1,553.67;2,192.67;2,187.94;1,777.00
20/02/2018;1,531.67;2,168.67;2,164.73;1,754.00
19/02/2018;1,520.00;2,159.00;2,151.94;1,736.00
16/02/2018;1,522.00;2,149.33;2,152.74;1,730.00
15/02/2018;1,516.33;2,148.00;2,149.08;1,720.00
14/02/2018;1,483.00;2,105.67;2,096.42;1,691.00
13/02/2018;1,467.67;2,032.00;2,043.18;1,652.00
12/02/2018;1,456.67;1,995.67;2,012.11;1,639.00
09/02/2018;1,487.00;2,059.00;2,063.97;1,687.00
08/02/2018;1,477.00;2,053.00;2,063.50;1,685.00
07/02/2018;1,463.67;2,039.00;2,042.90;1,664.00
06/02/2018;1,476.00;2,060.33;2,067.39;1,670.00
05/02/2018;1,471.00;2,061.67;2,068.59;1,667.00
02/02/2018;1,469.00;2,074.33;2,081.85;1,672.00
01/02/2018;1,422.67;2,036.00;2,038.76;1,634.00
31/01/2018;1,415.33;2,003.33;2,013.70;1,619.00
30/01/2018;1,404.00;1,990.33;1,993.24;1,609.00
29/01/2018;1,391.33;1,961.33;1,963.85;1,591.00
26/01/2018;1,402.67;2,008.67;2,005.28;1,614.00
25/01/2018;1,379.00;1,972.67;1,977.04;1,583.00
24/01/2018;1,379.00;1,980.00;1,976.02;1,594.00
23/01/2018;1,387.67;1,946.33;1,949.88;1,588.00
22/01/2018;1,395.33;1,960.67;1,960.28;1,601.00
19/01/2018;1,403.67;1,945.33;1,951.37;1,595.00
18/01/2018;1,424.67;1,999.33;1,997.18;1,631.00
17/01/2018;1,435.67;2,004.67;2,002.10;1,637.00
16/01/2018;1,409.67;1,948.33;1,951.66;1,595.00
15/01/2018;1,423.33;1,937.67;1,957.84;1,596.00
12/01/2018;1,402.00;1,927.00;1,929.37;1,591.00
11/01/2018;1,417.67;1,933.67;1,933.58;1,606.00
10/01/2018;1,426.33;1,949.33;1,944.57;1,625.00
09/01/2018;1,400.00;1,908.33;1,906.69;1,599.00
08/01/2018;1,394.67;1,912.00;1,908.56;1,593.00
05/01/2018;1,387.67;1,897.00;1,895.86;1,575.00
04/01/2018;1,391.33;1,899.67;1,897.96;1,574.00
03/01/2018;1,396.00;1,893.67;1,896.29;1,577.00
02/01/2018;1,407.00;1,937.67;1,930.98;1,602.00
