Data;ICCO_USD
29.12.2023;4,231.52
28.12.2023;4,285.61
26.12.2023;4,293.07
22.12.2023;4,311.54
21.12.2023;4,301.20
20.12.2023;4,304.46
19.12.2023;4,299.33
18.12.2023;4,283.30
15.12.2023;4,272.15
15.12.2023;4,272.15
14.12.2023;4,285.77
13.12.2023;4,241.76
12.12.2023;4,230.50
11.12.2023;4,198.93
07.12.2023;4,217.98
05.12.2023;4,128.35
04.12.2023;4,181.33
01.12.2023;4,230.81
30.11.2023;4,293.79
29.11.2023;4,295.35
28.11.2023;4,241.01
27.11.2023;4,160.61
24.11.2023;4,121.69
23.11.2023;4,113.74
22.11.2023;4,096.14
21.11.2023;4,137.40
20.11.2023;4,074.30
17.11.2023;4,144.01
16.11.2023;4,086.56
15.11.2023;4,041.66
14.11.2023;4,100.94
13.11.2023;4,158.25
10.11.2023;4,114.23
09.11.2023;4,063.19
08.11.2023;4,011.57
07.11.2023;3,981.81
06.11.2023;4,015.96
03.11.2023;4,008.67
02.11.2023;3,960.17
01.11.2023;3,894.43
31.10.2023;3,929.50
30.10.2023;3,939.15
27.10.2023;3,953.68
26.10.2023;3,917.83
25.10.2023;3,848.03
24.10.2023;3,831.89
23.10.2023;3,868.09
20.10.2023;3,795.08
19.10.2023;3,737.88
18.10.2023;3,708.53
17.10.2023;3,723.77
16.10.2023;3,678.43
13.10.2023;3,596.94
12.10.2023;3,582.39
11.10.2023;3,520.57
10.10.2023;3,552.28
09.10.2023;3,504.48
06.10.2023;3,533.14
05.10.2023;3,466.32
04.10.2023;3,489.13
03.10.2023;3,482.82
02.10.2023;3,555.54
29.09.2023;3,479.85
28.09.2023;3,505.89
27.09.2023;3,472.59
26.09.2023;3,539.73
25.09.2023;3,529.59
22.09.2023;3,597.13
21.09.2023;3,587.73
20.09.2023;3,595.83
19.09.2023;3,659.67
18.09.2023;3,646.58
15.09.2023;3,761.07
14.09.2023;3,750.88
13.09.2023;3,750.60
12.09.2023;3,683.61
11.09.2023;3,695.21
08.09.2023;3,685.76
07.09.2023;3,630.90
06.09.2023;3,661.81
05.09.2023;3,660.03
04.09.2023;3,623.70
01.09.2023;3,613.89
31.08.2023;3,656.78
30.08.2023;3,644.39
29.08.2023;3,583.52
28.08.2023;3,504.40
25.08.2023;3,463.22
24.08.2023;3,421.81
23.08.2023;3,410.19
22.08.2023;3,408.64
21.08.2023;3,430.73
18.08.2023;3,418.74
17.08.2023;3,456.06
16.08.2023;3,423.58
15.08.2023;3,406.75
14.08.2023;3,366.72
11.08.2023;3,330.66
10.08.2023;3,310.35
09.08.2023;3,328.48
08.08.2023;3,345.14
07.08.2023;3,450.24
04.08.2023;3,445.40
03.08.2023;3,430.81
02.08.2023;3,484.64
01.08.2023;3,492.59
31.07.2023;3,497.65
28.07.2023;3,474.76
27.07.2023;3,470.16
26.07.2023;3,484.61
25.07.2023;3,408.32
24.07.2023;3,347.93
21.07.2023;3,338.50
20.07.2023;3,323.60
19.07.2023;3,347.75
18.07.2023;3,335.34
17.07.2023;3,303.35
14.07.2023;3,283.02
13.07.2023;3,224.12
12.07.2023;3,303.55
11.07.2023;3,313.92
10.07.2023;3,301.88
07.07.2023;3,275.33
06.07.2023;3,278.75
05.07.2023;3,323.10
04.07.2023;3,333.17
03.07.2023;3,347.45
30.06.2023;3,298.19
29.06.2023;3,211.82
28.06.2023;3,273.58
27.06.2023;3,212.67
26.06.2023;3,204.59
23.06.2023;3,144.64
22.06.2023;3,150.20
21.06.2023;3,170.56
20.06.2023;3,144.89
19.06.2023;3,158.23
16.06.2023;3,165.17
15.06.2023;3,171.56
14.06.2023;3,162.39
13.06.2023;3,125.82
12.06.2023;3,065.10
09.06.2023;3,109.32
08.06.2023;3,070.38
07.06.2023;3,019.82
06.06.2023;2,974.14
05.06.2023;2,983.02
02.06.2023;2,960.10
01.06.2023;2,956.62
31.05.2023;2,940.97
30.05.2023;2,948.63
26.05.2023;2,939.41
25.05.2023;2,945.62
24.05.2023;2,945.31
23.05.2023;2,949.88
22.05.2023;2,958.48
19.05.2023;2,995.24
18.05.2023;2,917.40
17.05.2023;2,919.25
16.05.2023;2,906.93
15.05.2023;2,891.43
12.05.2023;2,890.07
11.05.2023;2,907.05
10.05.2023;2,925.93
09.05.2023;2,907.51
08.05.2023;2,878.93
05.05.2023;2,861.89
04.05.2023;2,833.29
03.05.2023;2,790.92
02.05.2023;2,808.71
01.05.2023;2,832.16
28.04.2023;2,845.90
27.04.2023;2,826.61
26.04.2023;2,842.28
25.04.2023;2,817.29
24.04.2023;2,859.64
21.04.2023;2,873.82
20.04.2023;2,849.07
19.04.2023;2,863.43
18.04.2023;2,857.85
17.04.2023;2,814.04
14.04.2023;2,825.76
13.04.2023;2,842.12
12.04.2023;2,799.41
11.04.2023;2,822.21
10.04.2023;2,791.46
06.04.2023;2,800.12
05.04.2023;2,788.62
04.04.2023;2,784.86
03.04.2023;2,740.75
31.03.2023;2,784.13
30.03.2023;2,766.36
29.03.2023;2,733.92
28.03.2023;2,758.26
27.03.2023;2,746.73
24.03.2023;2,723.91
23.03.2023;2,720.08
22.03.2023;2,722.74
21.03.2023;2,683.55
20.03.2023;2,666.61
17.03.2023;2,629.73
16.03.2023;2,582.35
15.03.2023;2,533.28
14.03.2023;2,574.83
13.03.2023;2,566.58
10.03.2023;2,605.70
09.03.2023;2,624.93
08.03.2023;2,622.63
07.03.2023;2,640.07
06.03.2023;2,677.49
03.03.2023;2,644.58
02.03.2023;2,667.03
01.03.2023;2,714.43
28.02.2023;2,671.67
27.02.2023;2,641.92
24.02.2023;2,621.40
23.02.2023;2,644.62
22.02.2023;2,653.76
21.02.2023;2,655.58
20.02.2023;2,659.06
17.02.2023;2,642.38
16.02.2023;2,622.42
15.02.2023;2,610.18
14.02.2023;2,568.22
13.02.2023;2,560.07
10.02.2023;2,510.08
09.02.2023;2,516.96
08.02.2023;2,523.33
07.02.2023;2,517.44
06.02.2023;2,518.71
03.02.2023;2,517.90
02.02.2023;2,543.58
01.02.2023;2,547.94
31.01.2023;2,546.56
30.01.2023;2,573.24
27.01.2023;2,572.82
26.01.2023;2,569.02
25.01.2023;2,538.41
24.01.2023;2,526.00
23.01.2023;2,539.18
20.01.2023;2,506.81
19.01.2023;2,504.49
18.01.2023;2,552.66
17.01.2023;2,566.02
16.01.2023;2,558.95
13.01.2023;2,564.27
12.01.2023;2,554.53
11.01.2023;2,545.18
10.01.2023;2,521.95
09.01.2023;2,584.13
06.01.2023;2,518.50
05.01.2023;2,520.64
04.01.2023;2,512.98
03.01.2023;2,484.48
30.12.2022;2,515.59
29.12.2022;2,491.01
28.12.2022;2,526.92
27.12.2022;2,527.04
23.12.2022;2,526.48
22.12.2022;2,504.16
21.12.2022;2,449.39
20.12.2022;2,428.64
19.12.2022;2,423.62
16.12.2022;2,406.36
15.12.2022;2,439.16
14.12.2022;2,449.54
13.12.2022;2,446.09
12.12.2022;2,420.85
09.12.2022;2,427.25
08.12.2022;2,453.82
07.12.2022;2,418.64
06.12.2022;2,408.53
05.12.2022;2,402.85
02.12.2022;2,454.96
01.12.2022;2,450.85
30.11.2022;2,413.51
29.11.2022;2,406.73
28.11.2022;2,414.21
25.11.2022;2,410.83
24.11.2022;2,393.01
23.11.2022;2,369.72
22.11.2022;2,370.08
21.11.2022;2,366.70
18.11.2022;2,369.13
17.11.2022;2,358.20
16.11.2022;2,392.96
15.11.2022;2,386.65
14.11.2022;2,403.50
11.11.2022;2,426.53
10.11.2022;2,467.62
09.11.2022;2,436.79
08.11.2022;2,429.10
07.11.2022;2,401.31
04.11.2022;2,349.37
03.11.2022;2,279.89
02.11.2022;2,297.22
01.11.2022;2,267.97
31.10.2022;2,253.61
28.10.2022;2,238.25
27.10.2022;2,248.55
26.10.2022;2,231.16
25.10.2022;2,236.03
24.10.2022;2,259.18
21.10.2022;2,236.50
20.10.2022;2,238.07
19.10.2022;2,219.30
18.10.2022;2,223.98
17.10.2022;2,243.68
14.10.2022;2,267.67
13.10.2022;2,273.60
12.10.2022;2,214.84
11.10.2022;2,244.18
10.10.2022;2,245.87
07.10.2022;2,274.35
06.10.2022;2,249.21
05.10.2022;2,267.94
04.10.2022;2,256.64
03.10.2022;2,222.50
30.09.2022;2,230.27
29.09.2022;2,214.19
28.09.2022;2,165.79
27.09.2022;2,150.75
26.09.2022;2,118.19
23.09.2022;2,270.57
22.09.2022;2,204.12
21.09.2022;2,225.75
20.09.2022;2,233.87
19.09.2022;2,240.96
16.09.2022;2,237.12
15.09.2022;2,245.94
14.09.2022;2,207.60
13.09.2022;2,230.65
12.09.2022;2,265.62
09.09.2022;2,248.17
08.09.2022;2,216.46
07.09.2022;2,237.74
06.09.2022;2,250.21
05.09.2022;2,260.45
02.09.2022;2,276.02
01.09.2022;2,242.76
31.08.2022;2,282.30
30.08.2022;2,274.61
29.08.2022;2,283.00
26.08.2022;2,280.21
25.08.2022;2,278.31
24.08.2022;2,262.51
23.08.2022;2,220.25
22.08.2022;2,234.58
19.08.2022;2,256.82
18.08.2022;2,292.40
17.08.2022;2,298.22
16.08.2022;2,266.70
15.08.2022;2,289.56
12.08.2022;2,274.20
11.08.2022;2,315.45
10.08.2022;2,314.87
09.08.2022;2,277.19
08.08.2022;2,259.20
05.08.2022;2,232.07
04.08.2022;2,268.48
03.08.2022;2,220.24
02.08.2022;2,271.97
01.08.2022;2,269.87
29.07.2022;2,248.67
28.07.2022;2,236.91
27.07.2022;2,257.91
26.07.2022;2,294.35
25.07.2022;2,270.64
22.07.2022;2,209.52
21.07.2022;2,223.29
20.07.2022;2,265.23
19.07.2022;2,255.87
18.07.2022;2,233.70
15.07.2022;2,221.21
14.07.2022;2,163.14
13.07.2022;2,216.98
12.07.2022;2,257.04
11.07.2022;2,263.46
08.07.2022;2,232.76
07.07.2022;2,254.00
06.07.2022;2,246.85
05.07.2022;2,220.50
04.07.2022;2,231.50
01.07.2022;2,227.71
30.06.2022;2,250.53
29.06.2022;2,266.00
28.06.2022;2,296.01
27.06.2022;2,311.76
24.06.2022;2,332.41
23.06.2022;2,322.57
22.06.2022;2,344.35
21.06.2022;2,351.46
20.06.2022;2,333.47
17.06.2022;2,316.00
16.06.2022;2,283.57
15.06.2022;2,275.93
14.06.2022;2,231.59
13.06.2022;2,244.80
10.06.2022;2,308.21
09.06.2022;2,345.87
08.06.2022;2,362.91
07.06.2022;2,373.92
06.06.2022;2,378.70
03.06.2022;2,371.02
02.06.2022;2,382.93
01.06.2022;2,395.17
31.05.2022;2,379.43
30.05.2022;2,379.85
27.05.2022;2,348.28
26.05.2022;2,345.01
25.05.2022;2,309.31
24.05.2022;2,337.62
23.05.2022;2,343.46
20.05.2022;2,320.23
19.05.2022;2,351.43
18.05.2022;2,359.71
17.05.2022;2,387.14
16.05.2022;2,377.87
13.05.2022;2,349.04
12.05.2022;2,319.00
11.05.2022;2,368.90
10.05.2022;2,333.93
09.05.2022;2,339.92
06.05.2022;2,370.96
05.05.2022;2,386.00
04.05.2022;2,445.49
03.05.2022;2,459.97
02.05.2022;2,453.02
29.04.2022;2,429.26
28.04.2022;2,421.00
27.04.2022;2,403.08
26.04.2022;2,393.45
25.04.2022;2,379.61
22.04.2022;2,429.52
21.04.2022;2,479.17
20.04.2022;2,480.45
19.04.2022;2,455.83
18.04.2022;2,466.99
14.04.2022;2,492.69
13.04.2022;2,476.59
12.04.2022;2,483.27
11.04.2022;2,510.33
08.04.2022;2,521.30
07.04.2022;2,472.24
06.04.2022;2,449.09
05.04.2022;2,433.40
04.04.2022;2,453.30
01.04.2022;2,476.41
31.03.2022;2,513.46
30.03.2022;2,513.28
29.03.2022;2,498.87
28.03.2022;2,471.81
25.03.2022;2,447.47
24.03.2022;2,450.78
23.03.2022;2,496.77
22.03.2022;2,454.62
21.03.2022;2,402.80
18.03.2022;2,425.16
17.03.2022;2,395.39
16.03.2022;2,407.89
15.03.2022;2,405.01
14.03.2022;2,483.61
11.03.2022;2,498.46
10.03.2022;2,528.14
09.03.2022;2,513.31
08.03.2022;2,488.10
07.03.2022;2,486.91
04.03.2022;2,473.13
03.03.2022;2,434.35
02.03.2022;2,416.72
01.03.2022;2,405.70
28.02.2022;2,422.96
25.02.2022;2,487.02
24.02.2022;2,489.84
23.02.2022;2,544.20
22.02.2022;2,517.29
21.02.2022;2,509.37
18.02.2022;2,517.00
17.02.2022;2,533.16
16.02.2022;2,565.55
15.02.2022;2,598.19
14.02.2022;2,573.04
11.02.2022;2,650.64
10.02.2022;2,663.84
09.02.2022;2,636.59
08.02.2022;2,572.47
07.02.2022;2,544.27
04.02.2022;2,576.57
03.02.2022;2,554.33
02.02.2022;2,539.07
01.02.2022;2,523.50
31.01.2022;2,448.05
28.01.2022;2,420.58
27.01.2022;2,388.42
26.01.2022;2,446.47
25.01.2022;2,432.81
24.01.2022;2,429.64
21.01.2022;2,503.86
20.01.2022;2,563.27
19.01.2022;2,567.06
18.01.2022;2,551.61
17.01.2022;2,565.53
14.01.2022;2,567.27
13.01.2022;2,525.82
12.01.2022;2,481.59
11.01.2022;2,490.14
10.01.2022;2,438.54
07.01.2022;2,441.38
06.01.2022;2,358.93
05.01.2022;2,394.70
04.01.2022;2,392.21
03.01.2022;2,406.58
31.12.2021;2,439.31
30.12.2021;2,450.10
29.12.2021;2,416.78
28.12.2021;2,395.82
27.12.2021;2,389.26
23.12.2021;2,383.89
22.12.2021;2,376.01
21.12.2021;2,369.64
20.12.2021;2,343.55
17.12.2021;2,400.57
16.12.2021;2,439.42
15.12.2021;2,431.34
14.12.2021;2,402.77
13.12.2021;2,408.96
10.12.2021;2,356.03
09.12.2021;2,352.38
08.12.2021;2,367.17
07.12.2021;2,375.23
06.12.2021;2,369.60
03.12.2021;2,365.66
02.12.2021;2,354.65
01.12.2021;2,281.29
30.11.2021;2,275.53
29.11.2021;2,303.33
26.11.2021;2,319.05
25.11.2021;2,380.33
24.11.2021;2,405.40
23.11.2021;2,461.39
22.11.2021;2,465.78
19.11.2021;2,458.20
18.11.2021;2,461.45
17.11.2021;2,442.54
16.11.2021;2,425.00
15.11.2021;2,417.37
12.11.2021;2,388.76
11.11.2021;2,406.73
10.11.2021;2,388.15
09.11.2021;2,351.48
08.11.2021;2,364.83
05.11.2021;2,344.07
04.11.2021;2,366.66
03.11.2021;2,374.13
02.11.2021;2,394.98
01.11.2021;2,458.01
29.10.2021;2,461.66
28.10.2021;2,499.98
27.10.2021;2,511.85
26.10.2021;2,518.11
25.10.2021;2,533.92
22.10.2021;2,521.69
21.10.2021;2,516.10
20.10.2021;2,484.42
19.10.2021;2,514.93
18.10.2021;2,560.84
15.10.2021;2,565.03
14.10.2021;2,550.41
13.10.2021;2,556.97
12.10.2021;2,610.78
11.10.2021;2,616.10
08.10.2021;2,664.46
07.10.2021;2,643.27
06.10.2021;2,632.80
05.10.2021;2,665.53
04.10.2021;2,662.51
01.10.2021;2,627.59
30.09.2021;2,583.06
29.09.2021;2,531.84
28.09.2021;2,497.12
27.09.2021;2,497.70
24.09.2021;2,528.20
23.09.2021;2,558.05
22.09.2021;2,586.81
21.09.2021;2,546.15
20.09.2021;2,527.97
17.09.2021;2,587.51
16.09.2021;2,581.61
15.09.2021;2,580.95
14.09.2021;2,573.89
13.09.2021;2,556.65
10.09.2021;2,543.81
09.09.2021;2,588.96
08.09.2021;2,598.04
07.09.2021;2,616.25
06.09.2021;2,589.29
03.09.2021;2,569.93
02.09.2021;2,546.41
01.09.2021;2,487.85
31.08.2021;2,484.58
30.08.2021;2,520.24
27.08.2021;2,522.33
26.08.2021;2,542.77
25.08.2021;2,539.96
24.08.2021;2,517.26
23.08.2021;2,508.96
20.08.2021;2,506.77
19.08.2021;2,547.48
18.08.2021;2,576.14
17.08.2021;2,560.53
16.08.2021;2,549.24
13.08.2021;2,512.70
12.08.2021;2,488.12
11.08.2021;2,489.95
10.08.2021;2,455.88
09.08.2021;2,411.34
06.08.2021;2,405.01
05.08.2021;2,386.50
04.08.2021;2,382.89
03.08.2021;2,396.39
02.08.2021;2,349.82
30.07.2021;2,356.79
29.07.2021;2,403.22
28.07.2021;2,400.17
27.07.2021;2,370.52
26.07.2021;2,359.78
23.07.2021;2,303.78
22.07.2021;2,288.89
21.07.2021;2,256.91
20.07.2021;2,238.31
19.07.2021;2,239.81
16.07.2021;2,303.39
15.07.2021;2,339.19
14.07.2021;2,369.10
13.07.2021;2,375.88
12.07.2021;2,398.70
09.07.2021;2,326.82
08.07.2021;2,281.47
07.07.2021;2,301.41
06.07.2021;2,300.06
05.07.2021;2,326.10
02.07.2021;2,316.82
01.07.2021;2,339.08
30.06.2021;2,363.34
29.06.2021;2,360.04
28.06.2021;2,352.97
25.06.2021;2,351.99
24.06.2021;2,330.20
23.06.2021;2,355.42
22.06.2021;2,373.26
21.06.2021;2,359.54
18.06.2021;2,354.33
17.06.2021;2,366.52
16.06.2021;2,388.99
15.06.2021;2,398.39
14.06.2021;2,380.54
11.06.2021;2,350.64
10.06.2021;2,366.93
09.06.2021;2,340.63
08.06.2021;2,362.25
07.06.2021;2,349.79
04.06.2021;2,385.64
03.06.2021;2,376.69
02.06.2021;2,392.47
01.06.2021;2,396.57
28.05.2021;2,392.69
27.05.2021;2,395.41
26.05.2021;2,399.44
25.05.2021;2,374.05
24.05.2021;2,384.38
21.05.2021;2,418.03
20.05.2021;2,419.25
19.05.2021;2,444.77
18.05.2021;2,488.91
17.05.2021;2,504.44
14.05.2021;2,456.34
13.05.2021;2,474.28
12.05.2021;2,473.47
11.05.2021;2,436.79
10.05.2021;2,462.71
07.05.2021;2,408.20
06.05.2021;2,357.98
05.05.2021;2,345.64
04.05.2021;2,300.09
03.05.2021;2,320.39
30.04.2021;2,336.07
29.04.2021;2,425.04
28.04.2021;2,406.18
27.04.2021;2,410.08
26.04.2021;2,412.04
23.04.2021;2,387.80
22.04.2021;2,383.47
21.04.2021;2,378.20
20.04.2021;2,359.69
19.04.2021;2,409.60
16.04.2021;2,379.56
15.04.2021;2,372.82
14.04.2021;2,346.83
13.04.2021;2,331.48
12.04.2021;2,300.98
09.04.2021;2,304.74
08.04.2021;2,327.92
07.04.2021;2,359.92
06.04.2021;2,370.76
05.04.2021;2,357.71
01.04.2021;2,374.10
31.03.2021;2,347.85
30.03.2021;2,336.02
29.03.2021;2,402.98
26.03.2021;2,414.94
25.03.2021;2,415.16
24.03.2021;2,386.93
23.03.2021;2,396.49
22.03.2021;2,438.43
19.03.2021;2,436.91
18.03.2021;2,477.13
17.03.2021;2,449.64
16.03.2021;2,464.70
15.03.2021;2,472.51
12.03.2021;2,506.39
11.03.2021;2,519.66
10.03.2021;2,501.50
09.03.2021;2,483.56
08.03.2021;2,472.68
05.03.2021;2,485.97
04.03.2021;2,553.50
03.03.2021;2,571.29
02.03.2021;2,554.58
01.03.2021;2,547.91
26.02.2021;2,507.04
25.02.2021;2,520.12
24.02.2021;2,468.07
23.02.2021;2,428.30
22.02.2021;2,422.60
19.02.2021;2,371.71
18.02.2021;2,323.64
17.02.2021;2,311.74
16.02.2021;2,343.72
15.02.2021;2,366.43
12.02.2021;2,394.93
11.02.2021;2,378.55
10.02.2021;2,451.64
09.02.2021;2,401.55
08.02.2021;2,398.96
05.02.2021;2,411.79
04.02.2021;2,386.81
03.02.2021;2,381.57
02.02.2021;2,426.34
01.02.2021;2,413.32
29.01.2021;2,401.55
28.01.2021;2,390.45
27.01.2021;2,380.30
26.01.2021;2,408.26
25.01.2021;2,389.59
22.01.2021;2,412.65
21.01.2021;2,430.51
20.01.2021;2,442.33
19.01.2021;2,459.86
18.01.2021;2,430.36
15.01.2021;2,402.04
14.01.2021;2,374.50
13.01.2021;2,363.99
12.01.2021;2,362.87
11.01.2021;2,334.85
08.01.2021;2,356.44
07.01.2021;2,379.76
06.01.2021;2,342.41
05.01.2021;2,370.61
04.01.2021;2,394.80
31.12.2020;2,424.35
30.12.2020;2,412.99
29.12.2020;2,334.66
28.12.2020;2,355.17
24.12.2020;2,385.85
23.12.2020;2,380.05
22.12.2020;2,356.05
21.12.2020;2,377.20
18.12.2020;2,353.03
17.12.2020;2,388.75
16.12.2020;2,354.16
15.12.2020;2,376.94
14.12.2020;2,408.27
11.12.2020;2,431.69
10.12.2020;2,392.46
09.12.2020;2,391.55
08.12.2020;2,419.28
07.12.2020;2,459.81
04.12.2020;2,479.59
03.12.2020;2,481.97
02.12.2020;2,475.45
01.12.2020;2,519.16
30.11.2020;2,546.33
27.11.2020;2,554.35
26.11.2020;2,546.50
25.11.2020;2,521.32
24.11.2020;2,568.24
23.11.2020;2,550.99
20.11.2020;2,534.50
19.11.2020;2,477.76
18.11.2020;2,419.64
17.11.2020;2,361.72
16.11.2020;2,284.54
13.11.2020;2,238.41
12.11.2020;2,225.24
11.11.2020;2,240.06
10.11.2020;2,241.99
09.11.2020;2,261.50
06.11.2020;2,222.07
05.11.2020;2,206.03
04.11.2020;2,181.54
03.11.2020;2,189.40
02.11.2020;2,149.76
30.10.2020;2,191.11
29.10.2020;2,217.02
28.10.2020;2,248.14
27.10.2020;2,320.01
26.10.2020;2,357.73
23.10.2020;2,341.56
22.10.2020;2,334.39
21.10.2020;2,298.16
20.10.2020;2,257.71
19.10.2020;2,291.07
16.10.2020;2,237.28
15.10.2020;2,219.25
14.10.2020;2,253.98
13.10.2020;2,252.01
12.10.2020;2,301.13
09.10.2020;2,302.02
08.10.2020;2,335.29
07.10.2020;2,319.92
06.10.2020;2,304.58
05.10.2020;2,332.36
02.10.2020;2,339.27
01.10.2020;2,371.24
30.09.2020;2,404.12
29.09.2020;2,445.11
28.09.2020;2,452.92
25.09.2020;2,436.65
24.09.2020;2,465.21
23.09.2020;2,449.76
22.09.2020;2,425.75
21.09.2020;2,488.94
18.09.2020;2,500.92
17.09.2020;2,474.73
16.09.2020;2,471.43
15.09.2020;2,523.69
14.09.2020;2,417.52
11.09.2020;2,410.94
10.09.2020;2,396.27
09.09.2020;2,423.63
08.09.2020;2,423.25
07.09.2020;2,448.59
04.09.2020;2,472.89
03.09.2020;2,494.46
02.09.2020;2,533.82
01.09.2020;2,513.11
31.08.2020;2,497.06
28.08.2020;2,467.85
27.08.2020;2,399.06
26.08.2020;2,338.20
25.08.2020;2,353.23
24.08.2020;2,326.95
21.08.2020;2,280.50
20.08.2020;2,284.82
19.08.2020;2,320.47
18.08.2020;2,322.64
17.08.2020;2,316.87
14.08.2020;2,332.05
13.08.2020;2,348.79
12.08.2020;2,336.78
11.08.2020;2,327.03
10.08.2020;2,359.57
07.08.2020;2,380.77
06.08.2020;2,357.02
05.08.2020;2,335.39
04.08.2020;2,314.06
03.08.2020;2,323.08
31.07.2020;2,271.08
30.07.2020;2,222.58
29.07.2020;2,208.12
28.07.2020;2,159.19
27.07.2020;2,149.04
24.07.2020;2,105.90
23.07.2020;2,090.36
22.07.2020;2,089.03
21.07.2020;2,073.18
20.07.2020;2,099.23
17.07.2020;2,061.39
16.07.2020;2,061.61
15.07.2020;2,045.65
14.07.2020;2,063.82
13.07.2020;2,088.47
10.07.2020;2,085.34
09.07.2020;2,062.89
08.07.2020;2,034.09
07.07.2020;2,070.42
06.07.2020;2,070.92
03.07.2020;2,071.17
02.07.2020;2,083.84
01.07.2020;2,072.76
30.06.2020;2,081.06
29.06.2020;2,121.64
26.06.2020;2,143.27
25.06.2020;2,233.09
24.06.2020;2,170.44
23.06.2020;2,162.25
22.06.2020;2,153.28
19.06.2020;2,131.38
18.06.2020;2,150.54
17.06.2020;2,130.19
16.06.2020;2,170.82
15.06.2020;2,165.55
12.06.2020;2,273.80
11.06.2020;2,260.91
10.06.2020;2,337.08
09.06.2020;2,353.60
08.06.2020;2,313.44
05.06.2020;2,320.98
04.06.2020;2,319.97
03.06.2020;2,328.87
02.06.2020;2,321.30
01.06.2020;2,380.39
29.05.2020;2,342.35
28.05.2020;2,332.04
27.05.2020;2,276.48
26.05.2020;2,312.53
22.05.2020;2,311.93
21.05.2020;2,276.54
20.05.2020;2,316.00
19.05.2020;2,334.43
18.05.2020;2,314.82
15.05.2020;2,308.88
14.05.2020;2,318.44
13.05.2020;2,346.57
12.05.2020;2,307.77
11.05.2020;2,367.64
08.05.2020;2,331.16
07.05.2020;2,309.69
06.05.2020;2,291.61
05.05.2020;2,300.43
04.05.2020;2,306.89
01.05.2020;2,313.56
30.04.2020;2,344.45
29.04.2020;2,318.25
28.04.2020;2,287.50
27.04.2020;2,272.96
24.04.2020;2,266.85
23.04.2020;2,292.88
22.04.2020;2,290.22
21.04.2020;2,242.92
20.04.2020;2,276.21
17.04.2020;2,282.56
16.04.2020;2,202.34
15.04.2020;2,182.36
14.04.2020;2,252.20
13.04.2020;2,255.37
09.04.2020;2,280.84
08.04.2020;2,324.77
07.04.2020;2,340.48
06.04.2020;2,312.19
03.04.2020;2,218.47
02.04.2020;2,230.01
01.04.2020;2,201.24
31.03.2020;2,218.36
30.03.2020;2,225.95
27.03.2020;2,181.13
26.03.2020;2,187.93
25.03.2020;2,202.85
24.03.2020;2,208.10
23.03.2020;2,171.28
20.03.2020;2,170.93
19.03.2020;2,154.84
18.03.2020;2,187.50
17.03.2020;2,254.92
16.03.2020;2,277.33
13.03.2020;2,344.65
12.03.2020;2,417.13
11.03.2020;2,527.89
10.03.2020;2,505.10
09.03.2020;2,483.63
06.03.2020;2,506.54
05.03.2020;2,525.54
04.03.2020;2,547.85
03.03.2020;2,573.13
02.03.2020;2,573.80
28.02.2020;2,584.87
27.02.2020;2,649.01
26.02.2020;2,647.02
25.02.2020;2,702.36
24.02.2020;2,703.24
21.02.2020;2,738.51
20.02.2020;2,746.26
19.02.2020;2,736.03
18.02.2020;2,729.49
17.02.2020;2,751.06
14.02.2020;2,752.58
13.02.2020;2,778.37
12.02.2020;2,744.50
11.02.2020;2,767.99
10.02.2020;2,766.34
07.02.2020;2,765.33
06.02.2020;2,744.71
05.02.2020;2,701.48
04.02.2020;2,662.49
03.02.2020;2,652.57
31.01.2020;2,699.56
30.01.2020;2,727.70
29.01.2020;2,654.65
28.01.2020;2,632.45
27.01.2020;2,666.29
24.01.2020;2,659.36
23.01.2020;2,687.24
22.01.2020;2,724.47
21.01.2020;2,739.57
20.01.2020;2,716.43
17.01.2020;2,717.75
16.01.2020;2,646.61
15.01.2020;2,636.71
14.01.2020;2,599.68
13.01.2020;2,529.24
10.01.2020;2,527.10
09.01.2020;2,486.18
08.01.2020;2,436.50
07.01.2020;2,458.80
06.01.2020;2,418.64
03.01.2020;2,449.55
02.01.2020;2,453.13
31.12.2019;2,457.47
30.12.2019;2,402.65
27.12.2019;2,422.43
26.12.2019;2,360.64
24.12.2019;2,355.31
23.12.2019;2,351.12
20.12.2019;2,349.64
19.12.2019;2,368.23
18.12.2019;2,419.92
17.12.2019;2,445.36
16.12.2019;2,462.36
13.12.2019;2,492.66
12.12.2019;2,449.21
11.12.2019;2,483.41
10.12.2019;2,502.69
09.12.2019;2,513.66
06.12.2019;2,528.04
05.12.2019;2,512.85
04.12.2019;2,489.62
03.12.2019;2,495.56
02.12.2019;2,476.00
29.11.2019;2,500.50
28.11.2019;2,516.83
27.11.2019;2,521.01
26.11.2019;2,567.59
25.11.2019;2,531.07
22.11.2019;2,535.20
21.11.2019;2,555.33
20.11.2019;2,551.05
19.11.2019;2,567.45
18.11.2019;2,575.82
15.11.2019;2,583.85
14.11.2019;2,625.43
13.11.2019;2,609.49
12.11.2019;2,572.74
11.11.2019;2,472.53
08.11.2019;2,458.20
07.11.2019;2,407.93
06.11.2019;2,422.62
05.11.2019;2,445.14
04.11.2019;2,449.22
01.11.2019;2,443.93
31.10.2019;2,402.66
30.10.2019;2,442.93
29.10.2019;2,464.42
28.10.2019;2,455.98
25.10.2019;2,437.85
24.10.2019;2,453.23
23.10.2019;2,441.52
22.10.2019;2,435.52
21.10.2019;2,451.24
18.10.2019;2,457.33
17.10.2019;2,463.79
16.10.2019;2,478.10
15.10.2019;2,477.90
14.10.2019;2,415.90
11.10.2019;2,463.70
10.10.2019;2,417.88
09.10.2019;2,367.17
08.10.2019;2,397.90
07.10.2019;2,388.28
04.10.2019;2,428.34
03.10.2019;2,460.91
02.10.2019;2,419.08
01.10.2019;2,389.62
30.09.2019;2,393.12
27.09.2019;2,414.45
26.09.2019;2,430.22
25.09.2019;2,409.35
24.09.2019;2,382.75
23.09.2019;2,392.23
20.09.2019;2,401.76
19.09.2019;2,394.68
18.09.2019;2,344.45
17.09.2019;2,332.88
16.09.2019;2,308.10
13.09.2019;2,272.47
12.09.2019;2,250.38
11.09.2019;2,239.67
10.09.2019;2,227.07
09.09.2019;2,238.41
06.09.2019;2,215.32
05.09.2019;2,190.31
04.09.2019;2,211.91
03.09.2019;2,181.62
02.09.2019;2,161.33
30.08.2019;2,164.76
29.08.2019;2,140.45
28.08.2019;2,190.36
27.08.2019;2,196.41
26.08.2019;2,186.64
23.08.2019;2,185.27
22.08.2019;2,184.28
21.08.2019;2,165.26
20.08.2019;2,139.90
19.08.2019;2,161.43
16.08.2019;2,163.13
15.08.2019;2,167.79
14.08.2019;2,144.59
13.08.2019;2,147.39
12.08.2019;2,189.75
09.08.2019;2,194.12
08.08.2019;2,198.79
07.08.2019;2,217.93
06.08.2019;2,243.63
05.08.2019;2,282.89
02.08.2019;2,302.18
01.08.2019;2,316.39
31.07.2019;2,330.52
30.07.2019;2,350.99
29.07.2019;2,360.00
26.07.2019;2,373.29
25.07.2019;2,414.44
24.07.2019;2,426.62
23.07.2019;2,432.03
22.07.2019;2,461.48
19.07.2019;2,419.56
18.07.2019;2,400.33
17.07.2019;2,389.51
16.07.2019;2,391.96
15.07.2019;2,390.98
12.07.2019;2,459.66
11.07.2019;2,448.06
10.07.2019;2,461.60
09.07.2019;2,471.44
08.07.2019;2,511.62
05.07.2019;2,411.15
04.07.2019;2,417.33
03.07.2019;2,391.80
02.07.2019;2,423.93
01.07.2019;2,441.91
28.06.2019;2,391.52
27.06.2019;2,412.82
26.06.2019;2,420.55
25.06.2019;2,421.16
24.06.2019;2,433.89
21.06.2019;2,443.49
20.06.2019;2,397.83
19.06.2019;2,445.82
18.06.2019;2,424.31
17.06.2019;2,414.59
14.06.2019;2,423.38
13.06.2019;2,441.44
12.06.2019;2,471.06
11.06.2019;2,453.17
10.06.2019;2,436.08
07.06.2019;2,394.07
06.06.2019;2,364.38
05.06.2019;2,348.25
04.06.2019;2,319.34
03.06.2019;2,297.45
31.05.2019;2,341.47
30.05.2019;2,364.44
29.05.2019;2,360.81
28.05.2019;2,367.95
24.05.2019;2,374.88
23.05.2019;2,347.56
22.05.2019;2,335.29
21.05.2019;2,356.78
20.05.2019;2,311.45
17.05.2019;2,283.88
16.05.2019;2,304.94
15.05.2019;2,260.23
14.05.2019;2,241.38
13.05.2019;2,253.01
10.05.2019;2,273.48
09.05.2019;2,288.84
08.05.2019;2,275.90
07.05.2019;2,282.08
06.05.2019;2,313.81
03.05.2019;2,337.88
02.05.2019;2,344.19
01.05.2019;2,311.43
30.04.2019;2,339.12
29.04.2019;2,343.03
26.04.2019;2,302.57
25.04.2019;2,262.06
24.04.2019;2,234.73
23.04.2019;2,273.82
22.04.2019;2,308.08
18.04.2019;2,339.01
17.04.2019;2,360.86
16.04.2019;2,311.01
15.04.2019;2,344.71
12.04.2019;2,383.61
11.04.2019;2,351.36
10.04.2019;2,384.36
09.04.2019;2,373.43
08.04.2019;2,364.16
05.04.2019;2,362.78
04.04.2019;2,363.93
03.04.2019;2,340.33
02.04.2019;2,317.54
01.04.2019;2,293.26
29.03.2019;2,249.69
28.03.2019;2,232.91
27.03.2019;2,233.33
26.03.2019;2,222.48
25.03.2019;2,209.89
22.03.2019;2,152.52
21.03.2019;2,131.14
20.03.2019;2,147.01
19.03.2019;2,200.06
18.03.2019;2,194.15
15.03.2019;2,203.98
14.03.2019;2,222.08
13.03.2019;2,219.17
12.03.2019;2,214.29
11.03.2019;2,202.49
08.03.2019;2,197.53
07.03.2019;2,183.02
06.03.2019;2,244.02
05.03.2019;2,165.43
04.03.2019;2,163.93
01.03.2019;2,221.08
28.02.2019;2,248.39
27.02.2019;2,303.10
26.02.2019;2,279.39
25.02.2019;2,255.01
22.02.2019;2,286.86
21.02.2019;2,274.72
20.02.2019;2,306.28
19.02.2019;2,329.36
18.02.2019;2,319.66
15.02.2019;2,304.83
14.02.2019;2,239.27
13.02.2019;2,250.43
12.02.2019;2,235.71
11.02.2019;2,229.70
08.02.2019;2,204.32
07.02.2019;2,221.64
06.02.2019;2,245.12
05.02.2019;2,210.50
04.02.2019;2,205.41
01.02.2019;2,166.36
31.01.2019;2,151.23
30.01.2019;2,154.16
29.01.2019;2,186.69
28.01.2019;2,215.88
25.01.2019;2,201.22
24.01.2019;2,223.05
23.01.2019;2,216.32
22.01.2019;2,213.45
21.01.2019;2,246.25
18.01.2019;2,265.57
17.01.2019;2,293.34
16.01.2019;2,278.56
15.01.2019;2,235.49
14.01.2019;2,289.41
11.01.2019;2,309.59
10.01.2019;2,314.95
09.01.2019;2,309.76
08.01.2019;2,330.72
07.01.2019;2,354.57
04.01.2019;2,315.36
03.01.2019;2,345.64
02.01.2019;2,342.18
31.12.2018;2,365.33
28.12.2018;2,346.69
27.12.2018;2,318.26
26.12.2018;2,338.52
24.12.2018;2,269.19
21.12.2018;2,231.17
20.12.2018;2,228.48
19.12.2018;2,262.47
18.12.2018;2,233.51
17.12.2018;2,183.20
14.12.2018;2,189.57
13.12.2018;2,200.17
12.12.2018;2,130.95
11.12.2018;2,078.92
10.12.2018;2,151.88
07.12.2018;2,178.88
06.12.2018;2,095.11
05.12.2018;2,079.48
04.12.2018;2,136.45
03.12.2018;2,149.89
30.11.2018;2,154.66
29.11.2018;2,132.11
28.11.2018;2,096.95
27.11.2018;2,109.65
26.11.2018;2,089.81
23.11.2018;2,095.57
22.11.2018;2,115.51
21.11.2018;2,116.35
20.11.2018;2,151.74
19.11.2018;2,171.37
16.11.2018;2,192.96
15.11.2018;2,169.39
14.11.2018;2,157.93
13.11.2018;2,190.27
12.11.2018;2,186.52
09.11.2018;2,227.39
08.11.2018;2,255.78
07.11.2018;2,337.36
06.11.2018;2,323.68
05.11.2018;2,283.37
02.11.2018;2,257.52
01.11.2018;2,254.91
31.10.2018;2,221.55
30.10.2018;2,211.89
29.10.2018;2,189.82
26.10.2018;2,235.95
25.10.2018;2,196.53
24.10.2018;2,140.59
23.10.2018;2,182.88
22.10.2018;2,202.12
19.10.2018;2,156.99
18.10.2018;2,135.33
17.10.2018;2,195.86
16.10.2018;2,172.55
15.10.2018;2,130.64
12.10.2018;2,154.34
11.10.2018;2,105.83
10.10.2018;2,099.31
09.10.2018;2,125.06
08.10.2018;2,090.62
05.10.2018;2,047.21
04.10.2018;2,019.85
03.10.2018;2,014.80
02.10.2018;2,068.75
01.10.2018;1,988.14
28.09.2018;2,046.49
27.09.2018;2,098.36
26.09.2018;2,133.48
25.09.2018;2,159.15
24.09.2018;2,196.11
21.09.2018;2,141.84
20.09.2018;2,173.97
19.09.2018;2,160.49
18.09.2018;2,202.32
17.09.2018;2,192.28
14.09.2018;2,176.97
13.09.2018;2,249.46
12.09.2018;2,257.54
11.09.2018;2,233.40
10.09.2018;2,246.06
07.09.2018;2,214.13
06.09.2018;2,233.09
05.09.2018;2,254.50
04.09.2018;2,271.35
03.09.2018;2,260.77
31.08.2018;2,281.30
30.08.2018;2,239.26
29.08.2018;2,299.07
28.08.2018;2,278.75
27.08.2018;2,294.70
24.08.2018;2,308.50
23.08.2018;2,285.43
22.08.2018;2,262.70
21.08.2018;2,211.54
20.08.2018;2,156.93
17.08.2018;2,118.42
16.08.2018;2,123.46
15.08.2018;2,109.66
14.08.2018;2,080.84
13.08.2018;2,086.18
10.08.2018;2,082.42
09.08.2018;2,088.82
08.08.2018;2,110.45
07.08.2018;2,104.80
06.08.2018;2,135.31
03.08.2018;2,081.92
02.08.2018;2,105.06
01.08.2018;2,101.51
31.07.2018;2,179.75
30.07.2018;2,239.25
27.07.2018;2,235.64
26.07.2018;2,299.10
25.07.2018;2,245.27
24.07.2018;2,248.26
23.07.2018;2,281.14
20.07.2018;2,306.67
19.07.2018;2,277.92
18.07.2018;2,313.38
17.07.2018;2,369.76
16.07.2018;2,386.23
13.07.2018;2,473.27
12.07.2018;2,443.97
11.07.2018;2,444.57
10.07.2018;2,468.11
09.07.2018;2,421.59
06.07.2018;2,435.77
05.07.2018;2,451.11
04.07.2018;2,438.43
03.07.2018;2,427.61
02.07.2018;2,468.24
29.06.2018;2,476.76
28.06.2018;2,428.27
27.06.2018;2,369.74
26.06.2018;2,454.64
25.06.2018;2,469.44
22.06.2018;2,480.28
21.06.2018;2,483.06
20.06.2018;2,512.88
19.06.2018;2,421.33
18.06.2018;2,432.84
15.06.2018;2,474.50
14.06.2018;2,387.75
13.06.2018;2,340.90
12.06.2018;2,390.29
11.06.2018;2,366.67
08.06.2018;2,379.60
07.06.2018;2,291.37
06.06.2018;2,319.97
05.06.2018;2,316.00
04.06.2018;2,366.64
01.06.2018;2,463.02
31.05.2018;2,463.66
30.05.2018;2,530.27
29.05.2018;2,505.87
25.05.2018;2,558.55
24.05.2018;2,593.81
23.05.2018;2,608.50
22.05.2018;2,587.46
21.05.2018;2,602.00
18.05.2018;2,638.70
17.05.2018;2,608.62
16.05.2018;2,682.58
15.05.2018;2,637.87
14.05.2018;2,735.52
11.05.2018;2,757.91
10.05.2018;2,719.47
09.05.2018;2,727.93
08.05.2018;2,731.04
07.05.2018;2,775.24
04.05.2018;2,734.00
03.05.2018;2,767.13
02.05.2018;2,752.98
01.05.2018;2,799.50
30.04.2018;2,746.23
27.04.2018;2,741.37
26.04.2018;2,730.92
25.04.2018;2,745.07
24.04.2018;2,735.19
23.04.2018;2,669.03
20.04.2018;2,673.94
19.04.2018;2,751.73
18.04.2018;2,753.51
17.04.2018;2,674.61
16.04.2018;2,682.65
13.04.2018;2,549.32
12.04.2018;2,538.90
11.04.2018;2,555.02
10.04.2018;2,503.06
09.04.2018;2,516.64
06.04.2018;2,462.02
05.04.2018;2,503.56
04.04.2018;2,503.87
03.04.2018;2,508.78
02.04.2018;2,574.03
29.03.2018;2,540.41
28.03.2018;2,595.92
27.03.2018;2,566.84
26.03.2018;2,641.33
23.03.2018;2,634.29
22.03.2018;2,555.31
21.03.2018;2,542.99
20.03.2018;2,501.57
19.03.2018;2,466.72
16.03.2018;2,538.05
15.03.2018;2,538.22
14.03.2018;2,546.98
13.03.2018;2,531.10
12.03.2018;2,535.37
09.03.2018;2,460.53
08.03.2018;2,489.36
07.03.2018;2,441.34
06.03.2018;2,440.65
05.03.2018;2,429.98
02.03.2018;2,320.70
01.03.2018;2,265.31
28.02.2018;2,229.72
27.02.2018;2,235.88
26.02.2018;2,225.37
23.02.2018;2,209.04
22.02.2018;2,170.87
21.02.2018;2,187.94
20.02.2018;2,164.73
19.02.2018;2,151.94
16.02.2018;2,152.74
15.02.2018;2,149.08
14.02.2018;2,096.42
13.02.2018;2,043.18
12.02.2018;2,012.11
09.02.2018;2,063.97
08.02.2018;2,063.50
07.02.2018;2,042.90
06.02.2018;2,067.39
05.02.2018;2,068.59
02.02.2018;2,081.85
01.02.2018;2,038.76
31.01.2018;2,013.70
30.01.2018;1,993.24
29.01.2018;1,963.85
26.01.2018;2,005.28
25.01.2018;1,977.04
24.01.2018;1,976.02
23.01.2018;1,949.88
22.01.2018;1,960.28
19.01.2018;1,951.37
18.01.2018;1,997.18
17.01.2018;2,002.10
16.01.2018;1,951.66
15.01.2018;1,957.84
12.01.2018;1,929.37
11.01.2018;1,933.58
10.01.2018;1,944.57
09.01.2018;1,906.69
08.01.2018;1,908.56
05.01.2018;1,895.86
04.01.2018;1,897.96
03.01.2018;1,896.29
02.01.2018;1,930.98
29.12.2017;1,899.06
28.12.2017;1,906.56
27.12.2017;1,871.25
26.12.2017;1,867.18
22.12.2017;1,855.70
21.12.2017;1,916.34
20.12.2017;1,932.78
19.12.2017;1,913.93
18.12.2017;1,934.38
15.12.2017;1,898.10
14.12.2017;1,905.78
13.12.2017;1,911.95
12.12.2017;1,891.70
11.12.2017;1,931.35
08.12.2017;1,910.75
07.12.2017;1,892.23
06.12.2017;1,915.93
05.12.2017;1,946.47
04.12.2017;2,006.23
01.12.2017;2,046.00
30.11.2017;2,056.66
29.11.2017;2,105.65
28.11.2017;2,052.50
27.11.2017;2,080.72
24.11.2017;2,119.73
23.11.2017;2,127.49
22.11.2017;2,138.13
21.11.2017;2,124.31
20.11.2017;2,111.08
17.11.2017;2,148.63
16.11.2017;2,159.12
15.11.2017;2,151.05
14.11.2017;2,157.21
13.11.2017;2,194.24
10.11.2017;2,212.71
09.11.2017;2,182.37
08.11.2017;2,183.33
07.11.2017;2,145.17
06.11.2017;2,115.90
03.11.2017;2,064.12
02.11.2017;2,061.38
01.11.2017;2,122.32
31.10.2017;2,095.50
30.10.2017;2,114.85
27.10.2017;2,108.50
26.10.2017;2,122.62
25.10.2017;2,089.82
24.10.2017;2,091.28
23.10.2017;2,125.85
20.10.2017;2,134.16
19.10.2017;2,140.83
18.10.2017;2,085.42
17.10.2017;2,083.07
16.10.2017;2,070.88
13.10.2017;2,108.43
12.10.2017;2,111.05
11.10.2017;2,124.12
10.10.2017;2,068.91
09.10.2017;2,039.13
06.10.2017;2,100.93
05.10.2017;2,097.04
04.10.2017;2,087.49
03.10.2017;2,084.55
02.10.2017;2,050.77
29.09.2017;2,050.42
28.09.2017;2,000.41
27.09.2017;2,028.65
26.09.2017;1,991.87
25.09.2017;1,996.55
22.09.2017;2,006.34
21.09.2017;2,042.83
20.09.2017;2,024.40
19.09.2017;1,999.54
18.09.2017;2,005.38
15.09.2017;2,030.19
14.09.2017;2,000.97
13.09.2017;2,008.88
12.09.2017;1,979.23
11.09.2017;1,962.80
08.09.2017;1,966.50
07.09.2017;1,944.22
06.09.2017;1,958.98
05.09.2017;1,987.67
04.09.2017;1,986.12
01.09.2017;1,992.30
31.08.2017;1,968.96
30.08.2017;1,970.16
29.08.2017;2,002.35
28.08.2017;2,014.59
25.08.2017;1,969.40
24.08.2017;1,932.26
23.08.2017;1,912.22
22.08.2017;1,923.78
21.08.2017;1,941.25
18.08.2017;1,926.57
17.08.2017;1,917.12
16.08.2017;1,889.47
15.08.2017;1,914.25
14.08.2017;1,957.46
11.08.2017;2,009.34
10.08.2017;1,999.16
09.08.2017;2,034.07
08.08.2017;2,056.85
07.08.2017;2,066.87
04.08.2017;2,048.81
03.08.2017;2,106.14
02.08.2017;2,106.51
01.08.2017;2,069.22
31.07.2017;2,110.81
28.07.2017;2,105.60
27.07.2017;2,056.65
26.07.2017;1,975.88
25.07.2017;1,990.69
24.07.2017;2,029.47
21.07.2017;2,027.88
20.07.2017;2,015.82
19.07.2017;2,004.46
18.07.2017;1,976.28
17.07.2017;1,975.04
14.07.2017;1,977.80
13.07.2017;1,938.43
12.07.2017;1,883.45
11.07.2017;1,876.47
10.07.2017;1,897.95
07.07.2017;1,931.04
06.07.2017;1,978.63
05.07.2017;1,999.23
04.07.2017;1,997.75
03.07.2017;2,010.84
30.06.2017;1,988.14
29.06.2017;1,920.27
28.06.2017;1,940.38
27.06.2017;1,918.98
26.06.2017;1,901.01
23.06.2017;1,936.34
22.06.2017;1,884.92
21.06.2017;1,908.70
20.06.2017;1,971.89
19.06.2017;1,988.87
16.06.2017;2,075.04
15.06.2017;2,108.19
14.06.2017;2,088.59
13.06.2017;2,065.09
12.06.2017;2,098.53
09.06.2017;2,056.05
08.06.2017;2,005.66
07.06.2017;2,000.43
06.06.2017;2,010.81
05.06.2017;2,016.53
02.06.2017;2,027.10
01.06.2017;2,049.93
31.05.2017;2,065.74
30.05.2017;2,055.13
26.05.2017;1,936.25
25.05.2017;1,908.49
24.05.2017;1,924.33
23.05.2017;2,039.54
22.05.2017;2,058.27
19.05.2017;2,054.47
18.05.2017;2,108.35
17.05.2017;2,075.90
16.05.2017;2,058.87
15.05.2017;2,070.43
12.05.2017;2,033.66
11.05.2017;1,984.63
10.05.2017;1,987.74
09.05.2017;1,991.96
08.05.2017;1,987.30
05.05.2017;1,903.56
04.05.2017;1,874.72
03.05.2017;1,817.36
02.05.2017;1,844.62
01.05.2017;1,855.35
28.04.2017;1,869.40
27.04.2017;1,902.08
26.04.2017;1,907.24
25.04.2017;1,881.41
24.04.2017;1,844.37
21.04.2017;1,879.80
20.04.2017;1,832.82
19.04.2017;1,901.08
18.04.2017;1,954.29
17.04.2017;1,942.31
13.04.2017;1,925.06
12.04.2017;1,973.33
11.04.2017;1,998.02
10.04.2017;1,974.11
07.04.2017;2,020.25
06.04.2017;2,096.16
05.04.2017;2,123.12
04.04.2017;2,119.16
03.04.2017;2,117.98
31.03.2017;2,107.67
30.03.2017;2,113.31
29.03.2017;2,105.21
28.03.2017;2,147.38
27.03.2017;2,170.99
24.03.2017;2,152.74
23.03.2017;2,195.70
22.03.2017;2,183.74
21.03.2017;2,172.88
20.03.2017;2,134.51
17.03.2017;2,040.50
16.03.2017;2,051.35
15.03.2017;2,066.98
14.03.2017;2,071.86
13.03.2017;2,034.78
10.03.2017;1,952.12
09.03.2017;1,925.49
08.03.2017;1,937.53
07.03.2017;1,943.56
06.03.2017;1,958.94
03.03.2017;1,980.06
02.03.2017;1,953.71
01.03.2017;1,928.40
28.02.2017;1,934.99
27.02.2017;2,006.19
24.02.2017;2,023.13
23.02.2017;2,059.45
22.02.2017;2,025.22
21.02.2017;2,031.62
20.02.2017;2,031.55
17.02.2017;2,039.06
16.02.2017;2,074.01
15.02.2017;2,020.67
14.02.2017;1,935.87
13.02.2017;1,948.00
10.02.2017;1,991.10
09.02.2017;2,023.73
08.02.2017;2,035.12
07.02.2017;2,045.98
06.02.2017;2,083.50
03.02.2017;2,109.03
02.02.2017;2,121.72
01.02.2017;2,141.69
31.01.2017;2,129.19
30.01.2017;2,112.17
27.01.2017;2,132.27
26.01.2017;2,169.73
25.01.2017;2,222.74
24.01.2017;2,222.89
23.01.2017;2,195.20
20.01.2017;2,166.75
19.01.2017;2,181.78
18.01.2017;2,235.07
17.01.2017;2,241.30
16.01.2017;2,202.64
13.01.2017;2,211.53
12.01.2017;2,224.57
11.01.2017;2,138.09
10.01.2017;2,206.34
09.01.2017;2,184.75
06.01.2017;2,258.91
05.01.2017;2,261.74
04.01.2017;2,238.10
03.01.2017;2,177.18
30.12.2016;2,148.21
29.12.2016;2,174.50
28.12.2016;2,214.27
27.12.2016;2,244.11
23.12.2016;2,251.21
22.12.2016;2,213.49
21.12.2016;2,288.00
20.12.2016;2,278.65
19.12.2016;2,311.22
16.12.2016;2,278.81
15.12.2016;2,261.36
14.12.2016;2,333.66
13.12.2016;2,306.60
12.12.2016;2,261.32
09.12.2016;2,206.02
08.12.2016;2,290.56
07.12.2016;2,344.77
06.12.2016;2,377.05
05.12.2016;2,398.80
02.12.2016;2,426.34
01.12.2016;2,434.89
30.11.2016;2,415.66
29.11.2016;2,441.28
28.11.2016;2,430.00
25.11.2016;2,447.18
24.11.2016;2,459.08
23.11.2016;2,469.79
22.11.2016;2,473.05
21.11.2016;2,463.28
18.11.2016;2,455.82
17.11.2016;2,459.05
16.11.2016;2,458.56
15.11.2016;2,441.37
14.11.2016;2,460.76
11.11.2016;2,520.98
10.11.2016;2,498.20
09.11.2016;2,501.46
08.11.2016;2,510.20
07.11.2016;2,498.65
04.11.2016;2,589.08
03.11.2016;2,673.48
02.11.2016;2,678.19
01.11.2016;2,665.42
31.10.2016;2,692.19
28.10.2016;2,695.23
27.10.2016;2,681.50
26.10.2016;2,708.29
25.10.2016;2,687.53
24.10.2016;2,670.53
21.10.2016;2,680.21
20.10.2016;2,680.12
19.10.2016;2,686.86
18.10.2016;2,672.17
17.10.2016;2,669.95
14.10.2016;2,695.09
13.10.2016;2,685.00
12.10.2016;2,651.01
11.10.2016;2,677.06
10.10.2016;2,678.57
07.10.2016;2,775.59
06.10.2016;2,792.15
05.10.2016;2,834.99
04.10.2016;2,815.89
03.10.2016;2,808.41
30.09.2016;2,797.87
29.09.2016;2,773.22
28.09.2016;2,851.96
27.09.2016;2,890.01
26.09.2016;2,868.78
23.09.2016;2,875.97
22.09.2016;2,944.81
21.09.2016;2,898.77
20.09.2016;2,890.52
19.09.2016;2,898.73
16.09.2016;2,848.20
15.09.2016;2,878.55
14.09.2016;2,856.74
13.09.2016;2,830.50
12.09.2016;2,841.16
09.09.2016;2,807.16
08.09.2016;2,919.69
07.09.2016;2,941.00
06.09.2016;2,959.62
05.09.2016;2,945.74
02.09.2016;2,938.54
01.09.2016;2,928.58
31.08.2016;2,940.74
30.08.2016;2,929.21
29.08.2016;2,968.06
26.08.2016;3,041.12
25.08.2016;3,055.93
24.08.2016;3,053.76
23.08.2016;3,074.52
22.08.2016;3,020.30
19.08.2016;3,114.93
18.08.2016;3,134.91
17.08.2016;3,094.28
16.08.2016;3,078.79
15.08.2016;3,032.47
12.08.2016;3,029.46
11.08.2016;3,037.06
10.08.2016;3,054.34
09.08.2016;3,006.65
08.08.2016;3,037.73
05.08.2016;3,047.68
04.08.2016;3,029.40
03.08.2016;3,039.22
02.08.2016;2,958.07
01.08.2016;2,984.58
29.07.2016;2,912.89
28.07.2016;2,933.98
27.07.2016;2,937.89
26.07.2016;2,931.42
25.07.2016;2,934.10
22.07.2016;2,968.17
21.07.2016;2,989.03
20.07.2016;3,037.30
19.07.2016;3,056.00
18.07.2016;3,138.04
15.07.2016;3,105.28
14.07.2016;3,185.60
13.07.2016;3,163.88
12.07.2016;3,142.05
11.07.2016;3,120.27
08.07.2016;3,114.41
07.07.2016;3,122.06
06.07.2016;3,101.59
05.07.2016;3,078.69
04.07.2016;3,053.46
01.07.2016;3,023.37
30.06.2016;2,998.89
29.06.2016;3,058.20
28.06.2016;3,025.54
27.06.2016;3,009.96
24.06.2016;3,044.66
23.06.2016;3,218.07
22.06.2016;3,192.83
21.06.2016;3,179.91
20.06.2016;3,167.47
17.06.2016;3,108.40
16.06.2016;3,064.84
15.06.2016;3,142.96
14.06.2016;3,166.51
13.06.2016;3,176.66
10.06.2016;3,168.02
09.06.2016;3,165.82
08.06.2016;3,168.92
07.06.2016;3,165.09
06.06.2016;3,139.27
03.06.2016;3,115.69
02.06.2016;3,120.49
01.06.2016;3,097.17
31.05.2016;3,116.83
27.05.2016;3,077.58
26.05.2016;3,034.00
25.05.2016;3,035.77
24.05.2016;3,061.05
23.05.2016;3,056.73
20.05.2016;3,005.25
19.05.2016;2,980.97
18.05.2016;3,016.83
17.05.2016;2,977.96
16.05.2016;3,001.09
13.05.2016;3,040.45
12.05.2016;3,084.00
11.05.2016;3,141.18
10.05.2016;3,168.18
09.05.2016;3,147.52
06.05.2016;3,137.26
05.05.2016;3,217.39
04.05.2016;3,238.39
03.05.2016;3,253.39
02.05.2016;3,280.01
29.04.2016;3,281.13
28.04.2016;3,223.38
27.04.2016;3,235.72
26.04.2016;3,254.83
25.04.2016;3,212.07
22.04.2016;3,196.14
21.04.2016;3,139.25
20.04.2016;3,128.26
19.04.2016;3,121.04
18.04.2016;3,077.06
15.04.2016;3,022.51
14.04.2016;3,042.02
13.04.2016;3,007.89
12.04.2016;3,013.78
11.04.2016;2,991.48
08.04.2016;2,947.52
07.04.2016;2,926.97
06.04.2016;2,973.60
05.04.2016;2,954.54
04.04.2016;2,939.05
01.04.2016;2,960.16
31.03.2016;3,023.34
30.03.2016;3,045.82
29.03.2016;3,042.64
28.03.2016;3,041.60
24.03.2016;3,035.18
23.03.2016;3,028.40
22.03.2016;3,093.64
21.03.2016;3,129.70
18.03.2016;3,178.27
17.03.2016;3,181.54
16.03.2016;3,099.83
15.03.2016;3,110.80
14.03.2016;3,141.83
11.03.2016;3,120.08
10.03.2016;3,118.55
09.03.2016;3,078.49
08.03.2016;3,028.04
07.03.2016;3,063.73
04.03.2016;3,055.51
03.03.2016;3,010.75
02.03.2016;3,003.01
01.03.2016;2,986.65
29.02.2016;3,006.12
26.02.2016;2,939.99
25.02.2016;2,998.47
24.02.2016;2,982.30
23.02.2016;2,942.62
22.02.2016;2,937.36
19.02.2016;2,908.08
18.02.2016;2,968.57
17.02.2016;2,931.11
16.02.2016;2,892.16
15.02.2016;2,901.45
12.02.2016;2,919.21
11.02.2016;2,858.67
10.02.2016;2,905.25
09.02.2016;2,912.16
08.02.2016;2,922.43
05.02.2016;2,845.59
04.02.2016;2,829.70
03.02.2016;2,894.94
02.02.2016;2,823.02
01.02.2016;2,924.48
29.01.2016;2,816.37
28.01.2016;2,850.78
27.01.2016;2,821.46
26.01.2016;2,886.57
25.01.2016;2,878.79
22.01.2016;2,933.38
21.01.2016;2,914.22
20.01.2016;2,857.29
19.01.2016;2,984.54
18.01.2016;2,971.91
15.01.2016;2,969.12
14.01.2016;2,914.50
13.01.2016;2,948.53
12.01.2016;2,924.45
11.01.2016;2,953.28
08.01.2016;3,069.20
07.01.2016;3,021.27
06.01.2016;3,035.31
05.01.2016;3,115.17
04.01.2016;3,182.26
31.12.2015;3,268.66
30.12.2015;3,273.51
29.12.2015;3,258.71
28.12.2015;3,270.59
24.12.2015;3,294.03
23.12.2015;3,300.60
22.12.2015;3,245.65
21.12.2015;3,290.51
18.12.2015;3,305.12
17.12.2015;3,304.74
16.12.2015;3,338.70
15.12.2015;3,389.40
14.12.2015;3,419.98
11.12.2015;3,402.86
10.12.2015;3,396.71
09.12.2015;3,419.34
08.12.2015;3,364.88
07.12.2015;3,449.18
04.12.2015;3,431.81
03.12.2015;3,423.48
02.12.2015;3,374.88
01.12.2015;3,380.98
30.11.2015;3,377.69
27.11.2015;3,357.86
26.11.2015;3,357.98
25.11.2015;3,354.34
24.11.2015;3,384.84
23.11.2015;3,354.80
20.11.2015;3,414.63
19.11.2015;3,430.19
18.11.2015;3,393.38
17.11.2015;3,413.84
16.11.2015;3,420.17
13.11.2015;3,415.97
12.11.2015;3,373.22
11.11.2015;3,359.98
10.11.2015;3,323.31
09.11.2015;3,257.49
06.11.2015;3,289.36
05.11.2015;3,318.56
04.11.2015;3,286.03
03.11.2015;3,347.39
02.11.2015;3,346.62
30.10.2015;3,322.99
29.10.2015;3,280.99
28.10.2015;3,281.71
27.10.2015;3,262.28
26.10.2015;3,248.38
23.10.2015;3,199.82
22.10.2015;3,206.11
21.10.2015;3,212.02
20.10.2015;3,263.64
19.10.2015;3,236.09
16.10.2015;3,185.04
15.10.2015;3,169.62
14.10.2015;3,173.43
13.10.2015;3,179.15
12.10.2015;3,143.86
09.10.2015;3,117.33
08.10.2015;3,128.52
07.10.2015;3,140.67
06.10.2015;3,146.48
05.10.2015;3,150.37
02.10.2015;3,153.90
01.10.2015;3,160.24
30.09.2015;3,196.29
29.09.2015;3,230.37
28.09.2015;3,287.64
25.09.2015;3,320.83
24.09.2015;3,339.51
23.09.2015;3,354.38
22.09.2015;3,349.49
21.09.2015;3,350.48
18.09.2015;3,356.35
17.09.2015;3,324.52
16.09.2015;3,303.69
15.09.2015;3,270.52
14.09.2015;3,325.18
11.09.2015;3,297.89
10.09.2015;3,313.59
09.09.2015;3,307.55
08.09.2015;3,262.98
07.09.2015;3,239.80
04.09.2015;3,205.83
03.09.2015;3,155.81
02.09.2015;3,148.97
01.09.2015;3,184.34
31.08.2015;3,161.57
28.08.2015;3,145.60
27.08.2015;3,153.20
26.08.2015;3,147.00
25.08.2015;3,154.66
24.08.2015;3,149.78
21.08.2015;3,133.33
20.08.2015;3,181.64
19.08.2015;3,162.85
18.08.2015;3,134.35
17.08.2015;3,112.06
14.08.2015;3,114.00
13.08.2015;3,116.78
12.08.2015;3,098.63
11.08.2015;3,147.91
10.08.2015;3,160.37
07.08.2015;3,171.83
06.08.2015;3,118.87
05.08.2015;3,181.59
04.08.2015;3,231.33
03.08.2015;3,236.69
31.07.2015;3,276.29
30.07.2015;3,286.49
29.07.2015;3,281.46
28.07.2015;3,268.06
27.07.2015;3,253.88
24.07.2015;3,240.57
23.07.2015;3,295.86
22.07.2015;3,331.12
21.07.2015;3,385.89
20.07.2015;3,397.62
17.07.2015;3,393.44
16.07.2015;3,395.18
15.07.2015;3,397.79
14.07.2015;3,408.55
13.07.2015;3,351.78
10.07.2015;3,347.08
09.07.2015;3,315.92
08.07.2015;3,285.75
07.07.2015;3,291.69
06.07.2015;3,320.36
03.07.2015;3,325.42
02.07.2015;3,330.82
01.07.2015;3,316.07
30.06.2015;3,315.65
29.06.2015;3,362.95
26.06.2015;3,352.21
25.06.2015;3,305.18
24.06.2015;3,314.00
23.06.2015;3,285.68
22.06.2015;3,319.14
19.06.2015;3,298.68
18.06.2015;3,323.03
17.06.2015;3,257.50
16.06.2015;3,265.78
15.06.2015;3,233.05
12.06.2015;3,202.84
11.06.2015;3,158.64
10.06.2015;3,179.68
09.06.2015;3,158.26
08.06.2015;3,159.49
05.06.2015;3,156.78
04.06.2015;3,160.61
03.06.2015;3,178.53
02.06.2015;3,163.41
01.06.2015;3,107.38
29.05.2015;3,140.19
28.05.2015;3,165.56
27.05.2015;3,173.68
26.05.2015;3,183.70
22.05.2015;3,185.32
21.05.2015;3,206.26
20.05.2015;3,158.02
19.05.2015;3,178.35
18.05.2015;3,177.88
15.05.2015;3,172.39
14.05.2015;3,134.06
13.05.2015;3,110.31
12.05.2015;3,090.46
11.05.2015;3,048.79
08.05.2015;2,996.94
07.05.2015;2,979.42
06.05.2015;2,968.14
05.05.2015;2,982.72
04.05.2015;2,938.39
01.05.2015;2,929.38
30.04.2015;2,987.14
29.04.2015;2,990.04
28.04.2015;2,965.26
27.04.2015;2,960.14
24.04.2015;2,922.78
23.04.2015;2,844.97
22.04.2015;2,826.91
21.04.2015;2,820.24
20.04.2015;2,822.19
17.04.2015;2,868.87
16.04.2015;2,895.12
15.04.2015;2,844.94
14.04.2015;2,879.73
13.04.2015;2,835.54
10.04.2015;2,814.17
09.04.2015;2,828.15
08.04.2015;2,844.03
07.04.2015;2,832.72
06.04.2015;2,837.15
02.04.2015;2,817.78
01.04.2015;2,795.90
31.03.2015;2,764.77
30.03.2015;2,751.23
27.03.2015;2,801.34
26.03.2015;2,817.01
25.03.2015;2,834.61
24.03.2015;2,832.37
23.03.2015;2,813.30
20.03.2015;2,838.43
19.03.2015;2,769.67
18.03.2015;2,804.98
17.03.2015;2,837.86
16.03.2015;2,843.96
13.03.2015;2,867.88
12.03.2015;2,885.70
11.03.2015;2,887.44
10.03.2015;2,948.93
09.03.2015;2,969.34
06.03.2015;2,974.18
05.03.2015;3,027.89
04.03.2015;3,034.14
03.03.2015;3,061.70
02.03.2015;3,042.38
27.02.2015;3,050.52
26.02.2015;3,016.86
25.02.2015;3,000.56
24.02.2015;3,049.79
23.02.2015;3,037.07
20.02.2015;3,013.09
19.02.2015;3,000.14
18.02.2015;3,003.93
17.02.2015;2,976.25
16.02.2015;2,964.29
13.02.2015;2,992.40
12.02.2015;2,993.47
11.02.2015;2,948.10
10.02.2015;2,929.14
09.02.2015;2,934.81
06.02.2015;2,859.43
05.02.2015;2,836.56
04.02.2015;2,807.45
03.02.2015;2,778.00
02.02.2015;2,744.64
30.01.2015;2,761.10
29.01.2015;2,759.69
28.01.2015;2,787.03
27.01.2015;2,813.83
26.01.2015;2,802.32
23.01.2015;2,819.72
22.01.2015;2,860.76
21.01.2015;2,906.19
20.01.2015;2,968.84
19.01.2015;2,980.89
16.01.2015;2,982.59
15.01.2015;3,009.87
14.01.2015;3,026.85
13.01.2015;3,018.58
12.01.2015;3,024.03
09.01.2015;2,989.09
08.01.2015;3,005.38
07.01.2015;2,946.87
06.01.2015;2,933.67
05.01.2015;2,973.07
02.01.2015;2,971.75
31.12.2014;2,970.86
30.12.2014;3,001.86
29.12.2014;2,992.04
26.12.2014;2,986.32
24.12.2014;2,999.54
23.12.2014;2,990.66
22.12.2014;3,010.11
19.12.2014;3,005.92
18.12.2014;2,992.68
17.12.2014;2,952.92
16.12.2014;2,952.21
15.12.2014;2,914.81
12.12.2014;2,902.37
11.12.2014;2,894.21
10.12.2014;2,966.52
09.12.2014;2,982.60
08.12.2014;2,945.25
05.12.2014;2,937.80
04.12.2014;2,917.34
03.12.2014;2,902.98
02.12.2014;2,905.19
01.12.2014;2,944.33
28.11.2014;2,899.92
27.11.2014;2,921.81
26.11.2014;2,925.23
25.11.2014;2,873.32
24.11.2014;2,912.76
21.11.2014;2,872.88
20.11.2014;2,874.64
19.11.2014;2,877.51
18.11.2014;2,858.59
17.11.2014;2,871.10
14.11.2014;2,862.71
13.11.2014;2,880.28
12.11.2014;2,917.60
11.11.2014;2,982.52
10.11.2014;2,963.23
07.11.2014;2,945.32
06.11.2014;2,939.79
05.11.2014;2,933.04
04.11.2014;2,944.88
03.11.2014;2,924.69
31.10.2014;2,958.08
30.10.2014;3,000.75
29.10.2014;2,991.46
28.10.2014;2,982.01
27.10.2014;3,017.01
24.10.2014;3,088.12
23.10.2014;3,147.15
22.10.2014;3,148.53
21.10.2014;3,150.84
20.10.2014;3,161.98
17.10.2014;3,154.98
16.10.2014;3,121.44
15.10.2014;3,174.83
14.10.2014;3,140.57
13.10.2014;3,103.36
10.10.2014;3,178.88
09.10.2014;3,096.69
08.10.2014;3,079.02
07.10.2014;3,094.43
06.10.2014;3,115.44
03.10.2014;3,095.64
02.10.2014;3,121.25
01.10.2014;3,196.56
30.09.2014;3,313.46
29.09.2014;3,330.18
26.09.2014;3,329.88
25.09.2014;3,353.48
24.09.2014;3,393.51
23.09.2014;3,324.63
22.09.2014;3,356.62
19.09.2014;3,296.53
18.09.2014;3,238.56
17.09.2014;3,199.97
16.09.2014;3,133.22
15.09.2014;3,118.83
12.09.2014;3,118.74
11.09.2014;3,087.36
10.09.2014;3,108.64
09.09.2014;3,118.53
08.09.2014;3,105.44
05.09.2014;3,137.46
04.09.2014;3,172.48
03.09.2014;3,187.81
02.09.2014;3,196.59
01.09.2014;3,235.49
29.08.2014;3,252.30
28.08.2014;3,265.48
27.08.2014;3,249.29
26.08.2014;3,262.76
25.08.2014;3,264.31
22.08.2014;3,242.24
21.08.2014;3,243.05
20.08.2014;3,271.88
19.08.2014;3,252.74
18.08.2014;3,299.53
15.08.2014;3,286.77
14.08.2014;3,297.72
13.08.2014;3,295.91
12.08.2014;3,298.57
11.08.2014;3,285.13
08.08.2014;3,279.08
07.08.2014;3,287.73
06.08.2014;3,276.18
05.08.2014;3,258.58
04.08.2014;3,251.52
01.08.2014;3,254.88
31.07.2014;3,263.15
30.07.2014;3,255.65
29.07.2014;3,229.70
28.07.2014;3,218.15
25.07.2014;3,234.54
24.07.2014;3,229.91
23.07.2014;3,234.01
22.07.2014;3,197.81
21.07.2014;3,194.34
18.07.2014;3,166.13
17.07.2014;3,144.91
16.07.2014;3,150.09
15.07.2014;3,182.08
14.07.2014;3,162.50
11.07.2014;3,172.65
10.07.2014;3,165.70
09.07.2014;3,164.13
08.07.2014;3,195.70
07.07.2014;3,174.18
04.07.2014;3,180.57
03.07.2014;3,186.62
02.07.2014;3,204.82
01.07.2014;3,201.59
30.06.2014;3,213.27
27.06.2014;3,214.66
26.06.2014;3,137.77
25.06.2014;3,152.14
24.06.2014;3,131.51
23.06.2014;3,163.29
20.06.2014;3,185.63
19.06.2014;3,189.48
18.06.2014;3,193.07
17.06.2014;3,186.16
16.06.2014;3,183.92
13.06.2014;3,202.58
12.06.2014;3,158.46
11.06.2014;3,201.05
10.06.2014;3,172.66
09.06.2014;3,169.95
06.06.2014;3,159.01
05.06.2014;3,175.39
04.06.2014;3,169.54
03.06.2014;3,154.17
02.06.2014;3,147.17
30.05.2014;3,149.45
29.05.2014;3,125.77
28.05.2014;3,110.24
27.05.2014;3,113.55
23.05.2014;3,107.05
22.05.2014;3,085.73
21.05.2014;3,064.29
20.05.2014;3,048.29
19.05.2014;3,016.78
16.05.2014;3,003.28
15.05.2014;2,986.11
14.05.2014;2,974.68
13.05.2014;2,980.67
12.05.2014;2,950.38
09.05.2014;2,946.70
08.05.2014;2,976.61
07.05.2014;2,980.93
06.05.2014;3,005.85
05.05.2014;3,000.80
02.05.2014;2,999.03
01.05.2014;3,003.70
30.04.2014;3,049.18
29.04.2014;3,027.21
28.04.2014;3,022.71
25.04.2014;3,031.51
24.04.2014;3,049.45
23.04.2014;3,084.52
22.04.2014;3,076.42
21.04.2014;3,075.93
17.04.2014;3,090.48
16.04.2014;3,049.15
15.04.2014;3,049.36
14.04.2014;3,066.18
11.04.2014;3,066.66
10.04.2014;3,059.51
09.04.2014;3,088.63
08.04.2014;3,070.85
07.04.2014;3,038.90
04.04.2014;3,044.78
03.04.2014;2,999.09
02.04.2014;3,001.09
01.04.2014;3,021.27
31.03.2014;3,034.16
28.03.2014;3,062.50
27.03.2014;3,027.69
26.03.2014;3,035.90
25.03.2014;3,028.46
24.03.2014;3,014.63
21.03.2014;3,029.48
20.03.2014;3,044.64
19.03.2014;3,090.42
18.03.2014;3,077.89
17.03.2014;3,089.17
14.03.2014;3,055.77
13.03.2014;3,064.16
12.03.2014;3,016.55
11.03.2014;3,064.00
10.03.2014;3,042.13
07.03.2014;3,042.58
06.03.2014;3,025.11
05.03.2014;3,031.72
04.03.2014;3,015.00
03.03.2014;2,983.04
28.02.2014;3,017.61
27.02.2014;3,005.50
26.02.2014;2,983.93
25.02.2014;2,975.33
24.02.2014;3,007.00
21.02.2014;3,006.37
20.02.2014;3,031.04
19.02.2014;2,993.96
18.02.2014;3,013.53
17.02.2014;3,021.39
14.02.2014;3,029.68
13.02.2014;3,015.50
12.02.2014;3,022.69
11.02.2014;2,989.55
10.02.2014;2,980.21
07.02.2014;2,987.82
06.02.2014;2,950.32
05.02.2014;2,942.43
04.02.2014;2,941.47
03.02.2014;2,971.95
31.01.2014;2,960.04
30.01.2014;2,973.08
29.01.2014;2,977.06
28.01.2014;2,964.65
27.01.2014;2,955.52
24.01.2014;2,852.93
23.01.2014;2,863.47
22.01.2014;2,768.07
21.01.2014;2,746.96
20.01.2014;2,764.05
17.01.2014;2,760.91
16.01.2014;2,814.55
15.01.2014;2,810.60
14.01.2014;2,815.34
13.01.2014;2,775.86
10.01.2014;2,778.00
09.01.2014;2,750.32
08.01.2014;2,763.80
07.01.2014;2,742.01
06.01.2014;2,729.87
03.01.2014;2,760.56
02.01.2014;2,699.79
31.12.2013;2,783.68
30.12.2013;2,773.02
27.12.2013;2,823.49
26.12.2013;2,850.01
24.12.2013;2,881.73
23.12.2013;2,859.87
20.12.2013;2,865.27
19.12.2013;2,841.29
18.12.2013;2,829.15
17.12.2013;2,823.02
16.12.2013;2,835.61
13.12.2013;2,817.85
12.12.2013;2,830.82
11.12.2013;2,796.60
10.12.2013;2,806.89
09.12.2013;2,790.74
06.12.2013;2,837.88
05.12.2013;2,788.69
04.12.2013;2,804.60
03.12.2013;2,835.63
02.12.2013;2,839.45
29.11.2013;2,815.27
28.11.2013;2,807.06
27.11.2013;2,789.56
26.11.2013;2,796.35
25.11.2013;2,821.60
22.11.2013;2,821.72
21.11.2013;2,821.74
20.11.2013;2,834.77
19.11.2013;2,818.52
18.11.2013;2,804.25
15.11.2013;2,760.38
14.11.2013;2,710.08
13.11.2013;2,703.06
12.11.2013;2,649.50
11.11.2013;2,623.03
08.11.2013;2,693.06
07.11.2013;2,712.62
06.11.2013;2,757.60
05.11.2013;2,759.52
04.11.2013;2,679.39
01.11.2013;2,679.56
31.10.2013;2,700.74
30.10.2013;2,687.19
29.10.2013;2,688.80
28.10.2013;2,714.78
25.10.2013;2,743.13
24.10.2013;2,719.04
23.10.2013;2,742.96
22.10.2013;2,797.72
21.10.2013;2,755.96
18.10.2013;2,751.76
17.10.2013;2,801.96
16.10.2013;2,774.91
15.10.2013;2,792.10
14.10.2013;2,747.93
11.10.2013;2,778.02
10.10.2013;2,762.75
09.10.2013;2,736.31
08.10.2013;2,753.41
07.10.2013;2,736.73
04.10.2013;2,655.77
03.10.2013;2,623.22
02.10.2013;2,669.22
01.10.2013;2,671.62
30.09.2013;2,682.35
27.09.2013;2,679.67
26.09.2013;2,640.08
25.09.2013;2,615.70
24.09.2013;2,644.41
23.09.2013;2,648.29
20.09.2013;2,650.92
19.09.2013;2,669.32
18.09.2013;2,661.39
17.09.2013;2,651.09
16.09.2013;2,673.03
13.09.2013;2,636.45
12.09.2013;2,624.87
11.09.2013;2,607.48
10.09.2013;2,602.18
09.09.2013;2,592.10
06.09.2013;2,602.38
05.09.2013;2,601.71
04.09.2013;2,533.70
03.09.2013;2,455.90
02.09.2013;2,464.06
30.08.2013;2,474.44
29.08.2013;2,508.29
28.08.2013;2,526.21
27.08.2013;2,483.27
26.08.2013;2,503.46
23.08.2013;2,498.22
22.08.2013;2,489.04
21.08.2013;2,484.70
20.08.2013;2,546.61
19.08.2013;2,546.45
16.08.2013;2,527.65
15.08.2013;2,518.09
14.08.2013;2,520.19
13.08.2013;2,482.57
12.08.2013;2,519.98
09.08.2013;2,506.39
08.08.2013;2,516.74
07.08.2013;2,484.80
06.08.2013;2,417.85
05.08.2013;2,410.32
02.08.2013;2,334.48
01.08.2013;2,339.61
31.07.2013;2,336.93
30.07.2013;2,327.84
29.07.2013;2,323.18
26.07.2013;2,374.03
25.07.2013;2,389.04
24.07.2013;2,401.36
23.07.2013;2,398.40
22.07.2013;2,390.03
19.07.2013;2,399.26
18.07.2013;2,384.05
17.07.2013;2,342.62
16.07.2013;2,333.65
15.07.2013;2,283.58
12.07.2013;2,282.58
11.07.2013;2,286.54
10.07.2013;2,224.57
09.07.2013;2,228.32
08.07.2013;2,212.87
05.07.2013;2,239.09
04.07.2013;2,265.38
03.07.2013;2,268.41
02.07.2013;2,214.32
01.07.2013;2,190.12
28.06.2013;2,200.44
27.06.2013;2,187.35
26.06.2013;2,205.74
25.06.2013;2,200.35
24.06.2013;2,185.34
21.06.2013;2,193.33
20.06.2013;2,197.66
19.06.2013;2,250.35
18.06.2013;2,251.37
17.06.2013;2,256.76
14.06.2013;2,279.81
13.06.2013;2,340.34
12.06.2013;2,401.98
11.06.2013;2,390.96
10.06.2013;2,394.48
07.06.2013;2,393.86
06.06.2013;2,402.77
05.06.2013;2,344.23
04.06.2013;2,311.06
03.06.2013;2,283.49
31.05.2013;2,233.85
30.05.2013;2,253.21
29.05.2013;2,248.15
28.05.2013;2,240.82
24.05.2013;2,279.84
23.05.2013;2,301.45
22.05.2013;2,333.48
21.05.2013;2,366.46
20.05.2013;2,327.89
17.05.2013;2,330.10
16.05.2013;2,323.33
15.05.2013;2,366.77
14.05.2013;2,377.84
13.05.2013;2,358.23
10.05.2013;2,329.29
09.05.2013;2,378.75
08.05.2013;2,417.31
07.05.2013;2,420.68
06.05.2013;2,426.31
03.05.2013;2,433.57
02.05.2013;2,425.43
01.05.2013;2,433.28
30.04.2013;2,383.71
29.04.2013;2,358.11
26.04.2013;2,386.89
25.04.2013;2,385.59
24.04.2013;2,351.88
23.04.2013;2,347.04
22.04.2013;2,332.57
19.04.2013;2,358.09
18.04.2013;2,342.59
17.04.2013;2,337.45
16.04.2013;2,337.29
15.04.2013;2,294.39
12.04.2013;2,290.79
11.04.2013;2,266.91
10.04.2013;2,247.53
09.04.2013;2,254.85
08.04.2013;2,226.29
05.04.2013;2,176.25
04.04.2013;2,180.80
03.04.2013;2,188.04
02.04.2013;2,210.69
01.04.2013;2,221.00
28.03.2013;2,211.74
27.03.2013;2,185.83
26.03.2013;2,184.69
25.03.2013;2,169.27
22.03.2013;2,198.15
21.03.2013;2,199.78
20.03.2013;2,184.14
19.03.2013;2,136.24
18.03.2013;2,128.47
15.03.2013;2,149.06
14.03.2013;2,165.82
13.03.2013;2,177.52
12.03.2013;2,182.39
11.03.2013;2,159.63
08.03.2013;2,149.08
07.03.2013;2,100.50
06.03.2013;2,081.69
05.03.2013;2,096.59
04.03.2013;2,092.36
01.03.2013;2,114.23
28.02.2013;2,168.00
27.02.2013;2,156.77
26.02.2013;2,153.72
25.02.2013;2,173.34
22.02.2013;2,174.52
21.02.2013;2,167.16
20.02.2013;2,149.08
19.02.2013;2,159.34
18.02.2013;2,167.40
15.02.2013;2,184.15
14.02.2013;2,178.91
13.02.2013;2,197.50
12.02.2013;2,199.95
11.02.2013;2,202.48
08.02.2013;2,257.42
07.02.2013;2,268.08
06.02.2013;2,255.05
05.02.2013;2,273.30
04.02.2013;2,228.67
01.02.2013;2,239.24
31.01.2013;2,240.07
30.01.2013;2,218.86
29.01.2013;2,236.04
28.01.2013;2,207.77
25.01.2013;2,216.09
24.01.2013;2,241.23
23.01.2013;2,263.53
22.01.2013;2,262.70
21.01.2013;2,302.45
18.01.2013;2,323.30
17.01.2013;2,339.79
16.01.2013;2,299.05
15.01.2013;2,311.71
14.01.2013;2,305.63
11.01.2013;2,298.29
10.01.2013;2,307.20
09.01.2013;2,267.02
08.01.2013;2,257.53
07.01.2013;2,302.65
04.01.2013;2,263.95
03.01.2013;2,295.35
02.01.2013;2,299.39
31.12.2012;2,292.10
28.12.2012;2,298.02
27.12.2012;2,300.15
26.12.2012;2,317.42
24.12.2012;2,324.99
21.12.2012;2,355.12
20.12.2012;2,385.06
19.12.2012;2,400.43
18.12.2012;2,434.29
17.12.2012;2,457.41
14.12.2012;2,472.34
13.12.2012;2,453.17
12.12.2012;2,479.45
11.12.2012;2,424.50
10.12.2012;2,421.33
07.12.2012;2,451.47
06.12.2012;2,459.76
05.12.2012;2,457.91
04.12.2012;2,471.22
03.12.2012;2,550.71
30.11.2012;2,528.86
29.11.2012;2,520.07
28.11.2012;2,492.42
27.11.2012;2,480.58
26.11.2012;2,515.59
23.11.2012;2,541.46
22.11.2012;2,504.71
21.11.2012;2,506.52
20.11.2012;2,492.06
19.11.2012;2,456.47
16.11.2012;2,439.90
15.11.2012;2,515.45
14.11.2012;2,494.91
13.11.2012;2,420.73
12.11.2012;2,417.12
09.11.2012;2,408.93
08.11.2012;2,386.13
07.11.2012;2,440.61
06.11.2012;2,503.35
05.11.2012;2,487.26
02.11.2012;2,494.07
01.11.2012;2,472.42
31.10.2012;2,445.71
30.10.2012;2,441.03
29.10.2012;2,411.99
26.10.2012;2,444.25
25.10.2012;2,459.71
24.10.2012;2,457.65
23.10.2012;2,546.09
22.10.2012;2,562.94
19.10.2012;2,530.64
18.10.2012;2,483.71
17.10.2012;2,438.11
16.10.2012;2,465.10
15.10.2012;2,407.04
12.10.2012;2,422.96
11.10.2012;2,407.82
10.10.2012;2,428.01
09.10.2012;2,466.22
08.10.2012;2,438.35
05.10.2012;2,437.09
04.10.2012;2,446.19
03.10.2012;2,480.66
02.10.2012;2,538.33
01.10.2012;2,501.72
28.09.2012;2,570.94
27.09.2012;2,547.98
26.09.2012;2,529.28
25.09.2012;2,541.46
24.09.2012;2,510.77
21.09.2012;2,583.55
20.09.2012;2,579.72
19.09.2012;2,595.93
18.09.2012;2,588.73
17.09.2012;2,634.15
14.09.2012;2,689.61
13.09.2012;2,663.69
12.09.2012;2,676.62
11.09.2012;2,666.66
10.09.2012;2,692.48
07.09.2012;2,710.02
06.09.2012;2,719.35
05.09.2012;2,692.73
04.09.2012;2,601.29
03.09.2012;2,610.72
31.08.2012;2,647.38
30.08.2012;2,652.05
29.08.2012;2,627.60
28.08.2012;2,619.63
27.08.2012;2,528.39
24.08.2012;2,452.07
23.08.2012;2,448.82
22.08.2012;2,437.19
21.08.2012;2,487.86
20.08.2012;2,458.33
17.08.2012;2,501.72
16.08.2012;2,469.85
15.08.2012;2,504.55
14.08.2012;2,505.76
13.08.2012;2,459.74
10.08.2012;2,513.49
09.08.2012;2,532.66
08.08.2012;2,532.47
07.08.2012;2,516.44
06.08.2012;2,476.03
03.08.2012;2,477.04
02.08.2012;2,454.06
01.08.2012;2,478.87
31.07.2012;2,457.33
30.07.2012;2,423.63
27.07.2012;2,413.50
26.07.2012;2,386.09
25.07.2012;2,315.89
24.07.2012;2,301.22
23.07.2012;2,322.46
20.07.2012;2,318.89
19.07.2012;2,315.86
18.07.2012;2,281.76
17.07.2012;2,277.20
16.07.2012;2,277.91
13.07.2012;2,295.95
12.07.2012;2,265.86
11.07.2012;2,376.60
10.07.2012;2,388.08
09.07.2012;2,393.62
06.07.2012;2,329.00
05.07.2012;2,390.22
04.07.2012;2,385.68
03.07.2012;2,405.27
02.07.2012;2,373.99
29.06.2012;2,368.34
28.06.2012;2,307.68
27.06.2012;2,303.87
26.06.2012;2,230.87
25.06.2012;2,188.49
22.06.2012;2,182.55
21.06.2012;2,222.00
20.06.2012;2,248.92
19.06.2012;2,299.04
18.06.2012;2,261.90
15.06.2012;2,317.31
14.06.2012;2,335.15
13.06.2012;2,333.18
12.06.2012;2,314.68
11.06.2012;2,263.43
08.06.2012;2,271.55
07.06.2012;2,281.79
06.06.2012;2,266.71
05.06.2012;2,214.74
04.06.2012;2,185.25
01.06.2012;2,150.95
31.05.2012;2,171.03
30.05.2012;2,159.72
29.05.2012;2,199.68
28.05.2012;2,208.22
25.05.2012;2,204.95
24.05.2012;2,210.67
23.05.2012;2,210.87
22.05.2012;2,266.86
21.05.2012;2,321.89
18.05.2012;2,348.33
17.05.2012;2,317.62
16.05.2012;2,366.13
15.05.2012;2,341.87
14.05.2012;2,324.47
11.05.2012;2,388.98
10.05.2012;2,406.17
09.05.2012;2,403.12
08.05.2012;2,394.16
07.05.2012;2,411.25
04.05.2012;2,366.47
03.05.2012;2,378.42
02.05.2012;2,424.44
01.05.2012;2,395.17
30.04.2012;2,313.24
27.04.2012;2,389.75
26.04.2012;2,352.94
25.04.2012;2,322.71
24.04.2012;2,341.24
23.04.2012;2,272.19
20.04.2012;2,337.56
19.04.2012;2,291.31
18.04.2012;2,318.45
17.04.2012;2,333.71
16.04.2012;2,283.82
13.04.2012;2,256.98
12.04.2012;2,205.78
11.04.2012;2,155.30
10.04.2012;2,133.17
09.04.2012;2,179.90
05.04.2012;2,182.66
04.04.2012;2,171.74
03.04.2012;2,223.98
02.04.2012;2,269.22
30.03.2012;2,287.92
29.03.2012;2,292.03
28.03.2012;2,359.76
27.03.2012;2,407.85
26.03.2012;2,389.28
23.03.2012;2,348.50
22.03.2012;2,329.50
21.03.2012;2,391.45
20.03.2012;2,410.99
19.03.2012;2,341.30
16.03.2012;2,302.56
15.03.2012;2,266.51
14.03.2012;2,357.41
13.03.2012;2,409.58
12.03.2012;2,416.35
09.03.2012;2,438.22
08.03.2012;2,420.73
07.03.2012;2,324.88
06.03.2012;2,319.29
05.03.2012;2,325.22
02.03.2012;2,365.93
01.03.2012;2,398.25
29.02.2012;2,375.19
28.02.2012;2,401.59
27.02.2012;2,434.01
24.02.2012;2,394.92
23.02.2012;2,377.71
22.02.2012;2,470.08
21.02.2012;2,461.53
20.02.2012;2,408.09
17.02.2012;2,375.43
16.02.2012;2,433.72
15.02.2012;2,427.02
14.02.2012;2,305.99
13.02.2012;2,248.10
10.02.2012;2,202.25
09.02.2012;2,279.11
08.02.2012;2,312.36
07.02.2012;2,322.49
06.02.2012;2,321.60
03.02.2012;2,364.61
02.02.2012;2,282.23
01.02.2012;2,283.01
31.01.2012;2,348.67
30.01.2012;2,330.95
27.01.2012;2,446.25
26.01.2012;2,488.66
25.01.2012;2,466.95
24.01.2012;2,458.78
23.01.2012;2,314.66
20.01.2012;2,310.04
19.01.2012;2,365.50
18.01.2012;2,312.11
17.01.2012;2,306.77
16.01.2012;2,286.41
13.01.2012;2,306.16
12.01.2012;2,360.60
11.01.2012;2,388.18
10.01.2012;2,378.28
09.01.2012;2,204.62
06.01.2012;2,066.61
05.01.2012;2,064.60
04.01.2012;2,111.84
03.01.2012;2,143.38
30.12.2011;2,145.22
29.12.2011;2,112.49
28.12.2011;2,155.19
27.12.2011;2,225.99
23.12.2011;2,229.79
22.12.2011;2,240.55
21.12.2011;2,255.76
20.12.2011;2,209.67
19.12.2011;2,101.68
16.12.2011;2,135.53
15.12.2011;2,176.74
14.12.2011;2,211.02
13.12.2011;2,288.19
12.12.2011;2,210.18
09.12.2011;2,098.67
08.12.2011;2,159.83
07.12.2011;2,180.27
06.12.2011;2,200.56
05.12.2011;2,237.80
02.12.2011;2,252.72
01.12.2011;2,305.90
30.11.2011;2,321.53
29.11.2011;2,334.59
28.11.2011;2,373.63
25.11.2011;2,395.34
24.11.2011;2,409.09
23.11.2011;2,412.80
22.11.2011;2,427.42
21.11.2011;2,428.87
18.11.2011;2,479.63
17.11.2011;2,533.70
16.11.2011;2,549.23
15.11.2011;2,560.20
14.11.2011;2,528.41
11.11.2011;2,549.50
10.11.2011;2,546.77
09.11.2011;2,594.84
08.11.2011;2,686.35
07.11.2011;2,738.75
04.11.2011;2,715.88
03.11.2011;2,728.95
02.11.2011;2,665.84
01.11.2011;2,622.06
31.10.2011;2,721.25
28.10.2011;2,769.63
27.10.2011;2,782.04
26.10.2011;2,725.02
25.10.2011;2,689.67
24.10.2011;2,674.31
21.10.2011;2,630.28
20.10.2011;2,620.50
19.10.2011;2,666.50
18.10.2011;2,628.61
17.10.2011;2,667.93
14.10.2011;2,710.04
13.10.2011;2,664.96
12.10.2011;2,669.71
11.10.2011;2,646.26
10.10.2011;2,698.63
07.10.2011;2,699.35
06.10.2011;2,695.09
05.10.2011;2,660.35
04.10.2011;2,640.51
03.10.2011;2,620.27
30.09.2011;2,665.51
29.09.2011;2,749.93
28.09.2011;2,716.49
27.09.2011;2,771.73
26.09.2011;2,731.42
23.09.2011;2,692.25
22.09.2011;2,739.07
21.09.2011;2,788.29
20.09.2011;2,789.65
19.09.2011;2,777.59
16.09.2011;2,857.53
15.09.2011;2,864.22
14.09.2011;2,878.52
13.09.2011;2,927.42
12.09.2011;2,928.42
09.09.2011;2,933.97
08.09.2011;2,979.47
07.09.2011;3,008.14
06.09.2011;3,047.18
05.09.2011;3,104.46
02.09.2011;3,143.47
01.09.2011;3,130.72
31.08.2011;3,167.11
30.08.2011;3,149.45
29.08.2011;3,170.37
26.08.2011;3,140.40
25.08.2011;3,088.81
24.08.2011;3,146.57
23.08.2011;3,201.34
22.08.2011;3,121.65
19.08.2011;3,088.49
18.08.2011;3,080.06
17.08.2011;3,126.62
16.08.2011;3,074.82
15.08.2011;3,015.31
12.08.2011;2,962.46
11.08.2011;2,946.20
10.08.2011;2,940.21
09.08.2011;2,994.94
08.08.2011;3,009.94
05.08.2011;3,018.40
04.08.2011;2,992.37
03.08.2011;3,005.21
02.08.2011;3,013.96
01.08.2011;3,024.40
29.07.2011;3,052.79
28.07.2011;3,050.07
27.07.2011;3,105.96
26.07.2011;3,090.10
25.07.2011;3,055.41
22.07.2011;3,118.32
21.07.2011;3,223.77
20.07.2011;3,225.34
19.07.2011;3,223.45
18.07.2011;3,217.54
15.07.2011;3,224.73
14.07.2011;3,196.88
13.07.2011;3,220.82
12.07.2011;3,107.11
11.07.2011;3,097.91
08.07.2011;3,131.84
07.07.2011;3,229.45
06.07.2011;3,227.13
05.07.2011;3,265.77
04.07.2011;3,237.33
01.07.2011;3,209.14
30.06.2011;3,193.97
29.06.2011;3,150.60
28.06.2011;3,076.49
27.06.2011;3,051.53
24.06.2011;3,011.43
23.06.2011;3,035.92
22.06.2011;3,086.33
21.06.2011;3,068.70
20.06.2011;3,018.87
17.06.2011;2,966.01
16.06.2011;2,938.12
15.06.2011;3,017.29
14.06.2011;3,020.86
13.06.2011;2,993.42
10.06.2011;3,010.05
09.06.2011;3,037.51
08.06.2011;2,957.05
07.06.2011;2,938.39
06.06.2011;2,918.48
03.06.2011;2,924.56
02.06.2011;2,939.26
01.06.2011;2,989.21
31.05.2011;3,037.63
27.05.2011;3,003.71
26.05.2011;3,041.28
25.05.2011;3,004.12
24.05.2011;2,919.01
23.05.2011;2,906.05
20.05.2011;2,956.55
19.05.2011;3,027.57
18.05.2011;3,032.51
17.05.2011;3,018.24
16.05.2011;3,041.73
13.05.2011;3,040.64
12.05.2011;3,072.29
11.05.2011;3,144.72
10.05.2011;3,132.23
09.05.2011;3,108.01
06.05.2011;3,108.06
05.05.2011;3,092.09
04.05.2011;3,204.32
03.05.2011;3,289.50
02.05.2011;3,305.79
29.04.2011;3,338.15
28.04.2011;3,299.24
27.04.2011;3,191.98
26.04.2011;3,132.87
25.04.2011;3,114.61
21.04.2011;3,120.28
20.04.2011;3,141.09
19.04.2011;3,124.59
18.04.2011;3,114.36
15.04.2011;3,206.30
14.04.2011;3,171.40
13.04.2011;3,119.39
12.04.2011;3,116.60
11.04.2011;3,078.47
08.04.2011;3,048.61
07.04.2011;3,067.00
06.04.2011;3,076.42
05.04.2011;3,049.11
04.04.2011;3,086.83
01.04.2011;3,090.04
31.03.2011;3,020.05
30.03.2011;3,056.01
29.03.2011;3,128.60
28.03.2011;3,311.31
25.03.2011;3,304.29
24.03.2011;3,266.33
23.03.2011;3,318.59
22.03.2011;3,333.26
21.03.2011;3,260.66
18.03.2011;3,180.61
17.03.2011;3,353.66
16.03.2011;3,283.68
15.03.2011;3,308.43
14.03.2011;3,417.26
11.03.2011;3,461.36
10.03.2011;3,498.19
09.03.2011;3,553.31
08.03.2011;3,631.08
07.03.2011;3,669.08
04.03.2011;3,641.95
03.03.2011;3,730.25
02.03.2011;3,675.28
01.03.2011;3,635.00
28.02.2011;3,698.76
25.02.2011;3,634.65
24.02.2011;3,613.90
23.02.2011;3,630.49
22.02.2011;3,581.15
21.02.2011;3,528.19
18.02.2011;3,499.17
17.02.2011;3,461.84
16.02.2011;3,449.37
15.02.2011;3,421.15
14.02.2011;3,466.68
11.02.2011;3,444.69
10.02.2011;3,439.85
09.02.2011;3,354.35
08.02.2011;3,331.15
07.02.2011;3,304.14
04.02.2011;3,340.20
03.02.2011;3,425.70
02.02.2011;3,436.92
01.02.2011;3,383.05
31.01.2011;3,411.17
28.01.2011;3,330.95
27.01.2011;3,403.69
26.01.2011;3,402.72
25.01.2011;3,394.56
24.01.2011;3,371.33
21.01.2011;3,284.42
20.01.2011;3,263.46
19.01.2011;3,188.91
18.01.2011;3,119.91
17.01.2011;3,110.46
14.01.2011;3,115.21
13.01.2011;3,052.09
12.01.2011;3,050.96
11.01.2011;3,016.48
10.01.2011;2,967.65
07.01.2011;2,939.83
06.01.2011;2,921.62
05.01.2011;2,938.11
04.01.2011;3,013.73
31.12.2010;3,107.08
30.12.2010;3,079.92
29.12.2010;3,129.67
28.12.2010;3,116.56
27.12.2010;3,107.58
24.12.2010;3,099.57
23.12.2010;3,093.45
22.12.2010;3,046.24
21.12.2010;3,053.23
20.12.2010;3,039.08
17.12.2010;3,028.48
16.12.2010;3,080.98
15.12.2010;3,063.61
14.12.2010;3,025.00
13.12.2010;2,975.81
10.12.2010;2,966.13
09.12.2010;3,086.13
08.12.2010;3,123.53
07.12.2010;3,168.78
06.12.2010;3,159.23
03.12.2010;3,020.58
02.12.2010;2,951.27
01.12.2010;2,858.57
30.11.2010;2,905.94
29.11.2010;2,851.63
26.11.2010;2,880.40
25.11.2010;2,874.14
24.11.2010;2,887.05
23.11.2010;2,895.30
22.11.2010;2,932.94
19.11.2010;2,956.30
18.11.2010;3,034.65
17.11.2010;2,938.06
16.11.2010;2,897.96
15.11.2010;2,921.16
12.11.2010;2,856.27
11.11.2010;2,940.75
10.11.2010;2,934.19
09.11.2010;2,963.93
08.11.2010;2,903.45
05.11.2010;2,854.13
04.11.2010;2,889.30
03.11.2010;2,885.13
02.11.2010;2,931.18
01.11.2010;2,892.97
29.10.2010;2,916.32
28.10.2010;2,936.28
27.10.2010;2,972.03
26.10.2010;2,997.70
25.10.2010;3,034.33
22.10.2010;2,959.67
21.10.2010;2,937.20
20.10.2010;2,898.62
19.10.2010;2,863.85
18.10.2010;2,908.02
15.10.2010;2,912.21
14.10.2010;2,986.96
13.10.2010;2,973.38
12.10.2010;2,970.00
11.10.2010;2,967.71
08.10.2010;2,921.80
07.10.2010;2,867.53
06.10.2010;2,869.12
05.10.2010;2,833.89
04.10.2010;2,858.59
01.10.2010;2,891.38
30.09.2010;2,931.20
29.09.2010;2,977.96
28.09.2010;2,928.54
27.09.2010;2,946.62
24.09.2010;2,912.81
23.09.2010;2,885.43
22.09.2010;2,876.71
21.09.2010;2,894.04
20.09.2010;2,831.45
17.09.2010;2,861.64
16.09.2010;2,862.93
15.09.2010;2,827.35
14.09.2010;2,802.60
13.09.2010;2,747.65
10.09.2010;2,774.13
09.09.2010;2,824.98
08.09.2010;2,869.24
07.09.2010;2,871.09
06.09.2010;2,910.50
03.09.2010;2,923.82
02.09.2010;2,888.22
01.09.2010;2,899.54
31.08.2010;2,899.17
30.08.2010;2,878.49
27.08.2010;2,879.69
26.08.2010;2,905.01
25.08.2010;2,918.80
24.08.2010;2,980.97
23.08.2010;3,000.47
20.08.2010;2,994.53
19.08.2010;3,041.09
18.08.2010;3,042.96
17.08.2010;3,056.16
16.08.2010;3,063.41
13.08.2010;3,044.33
12.08.2010;3,066.01
11.08.2010;3,056.38
10.08.2010;3,106.56
09.08.2010;3,219.21
06.08.2010;3,216.02
05.08.2010;3,320.63
04.08.2010;3,323.92
03.08.2010;3,279.17
02.08.2010;3,284.72
30.07.2010;3,278.76
29.07.2010;3,262.46
28.07.2010;3,229.34
27.07.2010;3,214.39
26.07.2010;3,198.04
23.07.2010;3,197.82
22.07.2010;3,144.88
21.07.2010;3,148.97
20.07.2010;3,193.70
19.07.2010;3,195.91
16.07.2010;3,362.56
15.07.2010;3,339.10
14.07.2010;3,343.80
13.07.2010;3,256.16
12.07.2010;3,203.63
09.07.2010;3,209.63
08.07.2010;3,193.32
07.07.2010;3,220.78
06.07.2010;3,205.64
05.07.2010;3,202.08
02.07.2010;3,197.19
01.07.2010;3,251.86
30.06.2010;3,164.09
29.06.2010;3,208.56
28.06.2010;3,313.79
25.06.2010;3,296.62
24.06.2010;3,295.70
23.06.2010;3,252.83
22.06.2010;3,252.87
21.06.2010;3,193.60
18.06.2010;3,173.15
17.06.2010;3,152.34
16.06.2010;3,168.76
15.06.2010;3,189.35
14.06.2010;3,236.95
11.06.2010;3,195.95
10.06.2010;3,213.18
09.06.2010;3,262.28
08.06.2010;3,245.45
07.06.2010;3,205.26
04.06.2010;3,197.13
03.06.2010;3,311.92
02.06.2010;3,305.72
01.06.2010;3,242.80
28.05.2010;3,193.52
27.05.2010;3,224.29
26.05.2010;3,164.60
25.05.2010;3,146.47
24.05.2010;3,118.91
21.05.2010;3,093.15
20.05.2010;3,032.78
19.05.2010;3,024.85
18.05.2010;3,045.10
17.05.2010;3,001.27
14.05.2010;3,022.27
13.05.2010;3,099.78
12.05.2010;3,172.36
11.05.2010;3,161.21
10.05.2010;3,279.92
07.05.2010;3,223.69
06.05.2010;3,371.12
05.05.2010;3,397.65
04.05.2010;3,376.56
03.05.2010;3,420.21
30.04.2010;3,427.83
29.04.2010;3,412.88
28.04.2010;3,382.67
27.04.2010;3,387.96
26.04.2010;3,412.92
23.04.2010;3,364.66
22.04.2010;3,311.00
21.04.2010;3,261.62
20.04.2010;3,218.64
19.04.2010;3,136.16
16.04.2010;3,163.00
15.04.2010;3,094.74
14.04.2010;3,092.86
13.04.2010;3,076.12
12.04.2010;3,120.85
09.04.2010;3,077.40
08.04.2010;3,079.20
07.04.2010;3,078.67
06.04.2010;3,133.25
05.04.2010;3,187.96
01.04.2010;3,225.60
31.03.2010;3,201.00
30.03.2010;3,203.47
29.03.2010;3,151.67
26.03.2010;3,084.75
25.03.2010;3,050.80
24.03.2010;3,061.68
23.03.2010;3,115.68
22.03.2010;3,107.16
19.03.2010;3,067.88
18.03.2010;3,129.18
17.03.2010;3,139.99
16.03.2010;3,085.25
15.03.2010;3,078.01
12.03.2010;3,149.22
11.03.2010;3,070.34
10.03.2010;3,068.76
09.03.2010;3,018.78
08.03.2010;3,047.76
05.03.2010;3,073.41
04.03.2010;3,039.46
03.03.2010;3,037.55
02.03.2010;3,024.32
01.03.2010;3,055.74
26.02.2010;3,125.11
25.02.2010;3,122.07
24.02.2010;3,176.55
23.02.2010;3,170.19
22.02.2010;3,292.81
19.02.2010;3,310.02
18.02.2010;3,303.44
17.02.2010;3,317.12
16.02.2010;3,369.50
15.02.2010;3,336.82
12.02.2010;3,321.47
11.02.2010;3,325.60
10.02.2010;3,253.01
09.02.2010;3,252.85
08.02.2010;3,248.15
05.02.2010;3,220.40
04.02.2010;3,317.04
03.02.2010;3,365.47
02.02.2010;3,346.79
01.02.2010;3,356.52
29.01.2010;3,402.31
28.01.2010;3,449.67
27.01.2010;3,461.94
26.01.2010;3,552.37
25.01.2010;3,591.12
22.01.2010;3,597.12
21.01.2010;3,603.98
20.01.2010;3,592.61
19.01.2010;3,625.82
18.01.2010;3,582.63
15.01.2010;3,571.00
14.01.2010;3,574.93
13.01.2010;3,560.28
12.01.2010;3,513.40
11.01.2010;3,513.22
08.01.2010;3,470.84
07.01.2010;3,472.77
06.01.2010;3,453.66
05.01.2010;3,485.05
04.01.2010;3,427.74
